"Time","nacos-0","nacos-1","nacos-2","nacosdb-mysql-0","nacosdb-mysql-1","nacosdb-mysql-2","tsdb-mysql-0","tsdb-mysql-1","tsdb-mysql-2","rabbitmq-78677c9c5f-wwjd7","nacosdb-mysql-0","nacosdb-mysql-1","nacosdb-mysql-2","tsdb-mysql-0","tsdb-mysql-1","tsdb-mysql-2","ts-admin-basic-info-service-d8d4b4ff9-s7zth","ts-admin-order-service-787856598f-fl56n","ts-admin-route-service-5d486755c-mxt4j","ts-admin-travel-service-7d4d447494-lz7vv","ts-admin-user-service-c544d7b74-xj8pn","ts-assurance-service-569ffd759f-nzddv","ts-auth-service-5cd94cf4c9-pr4sc","ts-avatar-service-ff8977c96-z6h7t","ts-basic-service-c57455994-5rf52","ts-cancel-service-55b6778574-7zfnb","ts-config-service-55f74d8b79-mt2ln","ts-consign-price-service-764c676495-rblv4","ts-consign-service-69fdbff744-t4nnm","ts-contacts-service-69864b9cd7-j7kng","ts-delivery-service-857d89f589-nrpbf","ts-execute-service-667756b4bf-vrl4r","ts-food-delivery-service-85c449576c-7jtrf","ts-food-service-85b5445f7-69dvs","ts-gateway-service-8585c745cd-mn5vn","ts-inside-payment-service-7f87878d9f-mqp8l","ts-news-service-7665fdf4c-hlrml","ts-notification-service-66777dd945-g9l6f","ts-order-other-service-6666b4d4d-x6l64","ts-order-service-69885cc6c8-4mcjr","ts-payment-service-7fc4c49d89-7zrgj","ts-preserve-other-service-5b9bbf9cf-hjzpg","ts-preserve-service-56dfc8d6d-vnlpb","ts-price-service-55c8646c4c-hjw4b","ts-rebook-service-79586f4dbc-lh6w9","ts-route-plan-service-6594877d59-qrh8f","ts-route-service-6f5855dc47-7ht8z","ts-seat-service-54f7bb8465-rzgwd","ts-security-service-7fd5f9ff9c-k4nxj","ts-station-food-service-bbffbd779-qbpwz","ts-station-service-798774f5d-dpsf5","ts-ticket-office-service-9979b76f9-ztj64","ts-train-food-service-f544897f-jd76n","ts-train-service-c7fc88877-mm8n9","ts-travel-plan-service-57865655f6-vklhv","ts-travel-service-699599cdf5-mffdb","ts-travel2-service-5db558f8d9-4tk7g","ts-ui-dashboard-7b5d44c888-gqlfj","ts-user-service-77988d68d8-kp6gg","ts-verification-code-service-58d4c7b777-p96jk","ts-voucher-service-7545b4fb7c-v46q2","ts-wait-order-service-6f7f78bb5d-8f78g","nacosdb-mysql-0","nacosdb-mysql-1","nacosdb-mysql-2","tsdb-mysql-0","tsdb-mysql-1","tsdb-mysql-2"
2024-01-03 12:29:00,4,4,4,4,4,4,4,4,4,4,4,4,4,4,4,4,7,7,7,7,8,7,7,4,7,7,7,34,7,7,7,7,7,7,8,7,4,7,7,8,7,7,7,7,7,7,7,8,7,7,7,12,7,7,7,7,7,8,7,7,12,7,4,5,4,4,4,4
2024-01-03 12:29:05,4,4,4,4,4,4,4,4,4,4,4,4,4,4,4,4,7,7,7,7,8,7,7,4,7,7,7,34,7,7,7,7,7,7,8,7,4,7,7,8,7,7,7,7,7,7,7,8,7,7,7,12,7,7,7,7,7,8,7,7,12,7,4,5,4,4,4,4
2024-01-03 12:29:10,4,4,4,4,4,4,4,4,4,4,4,4,4,4,4,4,7,7,7,7,8,7,7,4,7,7,7,34,7,7,7,7,7,7,8,7,4,7,7,8,7,7,7,7,7,7,7,8,7,7,7,12,7,7,7,7,7,8,7,7,12,7,4,5,4,4,4,4
2024-01-03 12:29:15,4,4,4,4,4,4,4,4,4,4,4,4,4,4,4,4,7,7,7,7,8,7,7,4,7,7,7,34,7,7,7,7,7,7,8,7,4,7,7,8,7,7,7,7,7,7,7,8,7,7,7,12,7,7,7,7,7,8,7,7,12,7,4,5,4,4,4,4
2024-01-03 12:29:20,4,4,4,4,4,4,4,4,4,4,4,4,4,4,4,4,7,7,7,7,8,7,7,4,7,7,7,34,7,7,7,7,7,7,8,7,4,7,7,8,7,7,7,7,7,7,7,8,7,7,7,12,7,7,7,7,7,8,7,7,12,7,4,5,4,4,4,4
2024-01-03 12:29:25,4,4,4,4,4,4,4,4,4,4,4,4,4,4,4,4,7,7,7,7,8,7,7,4,7,7,7,34,7,7,7,7,7,7,8,7,4,7,7,8,7,7,7,7,7,7,7,8,7,7,7,12,7,7,7,7,7,8,7,7,12,7,4,5,4,4,4,4
2024-01-03 12:29:30,4,4,4,4,4,4,4,4,4,4,4,4,4,4,4,4,7,7,7,7,8,7,7,4,7,7,7,34,7,7,7,7,7,7,8,7,4,7,7,8,7,7,7,7,7,7,7,8,7,7,7,12,7,7,7,7,7,8,7,7,12,7,4,5,4,4,4,4
2024-01-03 12:29:35,4,4,4,4,4,4,4,4,4,4,4,4,4,4,4,4,7,7,7,7,8,7,7,4,7,7,7,34,7,7,7,7,7,7,8,7,4,7,7,8,7,7,7,7,7,7,7,8,7,7,7,12,7,7,7,7,7,8,7,7,12,7,4,5,4,4,4,4
2024-01-03 12:29:40,4,4,4,4,4,4,4,4,4,4,4,4,4,4,4,4,7,7,7,7,8,7,7,4,7,7,7,34,7,7,7,7,7,7,8,7,4,7,7,8,7,7,7,7,7,7,7,8,7,7,7,12,7,7,7,7,7,8,7,7,12,7,4,5,4,4,4,4
2024-01-03 12:29:45,4,4,4,4,4,4,4,4,4,4,4,4,4,4,4,4,7,7,7,7,8,7,7,4,7,7,7,34,7,7,7,7,7,7,8,7,4,7,7,8,7,7,7,7,7,7,7,8,7,7,7,12,7,7,7,7,7,8,7,7,12,7,4,5,4,4,4,4
2024-01-03 12:29:50,4,4,4,4,4,4,4,4,4,4,4,4,4,4,4,4,7,7,7,7,8,7,7,4,7,7,7,34,7,7,7,7,7,7,8,7,4,7,7,8,7,7,7,7,7,7,7,8,7,7,7,12,7,7,7,7,7,8,7,7,12,7,4,5,4,4,4,4
2024-01-03 12:29:55,4,4,4,4,4,4,4,4,4,4,4,4,4,4,4,4,7,7,7,7,8,7,7,4,7,7,7,34,7,7,7,7,7,7,8,7,4,7,7,8,7,7,7,7,7,7,7,8,7,7,7,12,7,7,7,7,7,8,7,7,12,7,4,5,4,4,4,4
2024-01-03 12:30:00,4,4,4,4,4,4,4,4,4,4,4,4,4,4,4,4,7,7,7,7,8,7,7,4,7,7,7,34,7,7,7,7,7,7,8,7,4,7,7,8,7,7,7,7,7,7,7,8,7,7,7,12,7,7,7,7,7,8,7,7,12,7,4,5,4,4,4,4
2024-01-03 12:30:05,4,4,4,4,4,4,4,4,4,4,4,4,4,4,4,4,7,7,7,7,8,7,7,4,7,7,7,34,7,7,7,7,7,7,8,7,4,7,7,8,7,7,7,7,7,7,7,8,7,7,7,12,7,7,7,7,7,8,7,7,12,7,4,5,4,4,4,4
2024-01-03 12:30:10,4,4,4,4,4,4,4,4,4,4,4,4,4,4,4,4,7,7,7,7,8,7,7,4,7,7,7,34,7,7,7,7,7,7,8,7,4,7,7,8,7,7,7,7,7,7,7,8,7,7,7,12,7,7,7,7,7,8,7,7,12,7,4,5,4,4,4,4
2024-01-03 12:30:15,4,4,4,4,4,4,4,4,4,4,4,4,4,4,4,4,7,7,7,7,8,7,7,4,7,7,7,34,7,7,7,7,7,7,8,7,4,7,7,8,7,7,7,7,7,7,7,8,7,7,7,12,7,7,7,7,7,8,7,7,12,7,4,5,4,4,4,4
2024-01-03 12:30:20,4,4,4,4,4,4,4,4,4,4,4,4,4,4,4,4,7,7,7,7,8,7,7,4,7,7,7,34,7,7,7,7,7,7,8,7,4,7,7,8,7,7,7,7,7,7,7,8,7,7,7,12,7,7,7,7,7,8,7,7,12,7,4,5,4,4,4,4
2024-01-03 12:30:25,4,4,4,4,4,4,4,4,4,4,4,4,4,4,4,4,7,7,7,7,8,7,7,4,7,7,7,34,7,7,7,7,7,7,8,7,4,7,7,8,7,7,7,7,7,7,7,8,7,7,7,12,7,7,7,7,7,8,7,7,12,7,4,5,4,4,4,4
2024-01-03 12:30:30,4,4,4,4,4,4,4,4,4,4,4,4,4,4,4,4,7,7,7,7,8,7,7,4,7,7,7,34,7,7,7,7,7,7,8,7,4,7,7,8,7,7,7,7,7,7,7,8,7,7,7,12,7,7,7,7,7,8,7,7,12,7,4,5,4,4,4,4
2024-01-03 12:30:35,4,4,4,4,4,4,4,4,4,4,4,4,4,4,4,4,7,7,7,7,8,7,7,4,7,7,7,34,7,7,7,7,7,7,8,7,4,7,7,8,7,7,7,7,7,7,7,8,7,7,7,12,7,7,7,7,7,8,7,7,12,7,4,5,4,4,4,4
2024-01-03 12:30:40,4,4,4,4,4,4,4,4,4,4,4,4,4,4,4,4,7,7,7,7,8,7,7,4,7,7,7,34,7,7,7,7,7,7,8,7,4,7,7,8,7,7,7,7,7,7,7,8,7,7,7,12,7,7,7,7,7,8,7,7,12,7,4,5,4,4,4,4
2024-01-03 12:30:45,4,4,4,4,4,4,4,4,4,4,4,4,4,4,4,4,7,7,7,7,8,7,7,4,7,7,7,34,7,7,7,7,7,7,8,7,4,7,7,8,7,7,7,7,7,7,7,8,7,7,7,12,7,7,7,7,7,8,7,7,12,7,4,5,4,4,4,4
2024-01-03 12:30:50,4,4,4,4,4,4,4,4,4,4,4,4,4,4,4,4,7,7,7,7,8,7,7,4,7,7,7,34,7,7,7,7,7,7,8,7,4,7,7,8,7,7,7,7,7,7,7,8,7,7,7,12,7,7,7,7,7,8,7,7,12,7,4,5,4,4,4,4
2024-01-03 12:30:55,4,4,4,4,4,4,4,4,4,4,4,4,4,4,4,4,7,7,7,7,8,7,7,4,7,7,7,34,7,7,7,7,7,7,8,7,4,7,7,8,7,7,7,7,7,7,7,8,7,7,7,12,7,7,7,7,7,8,7,7,12,7,4,5,4,4,4,4
2024-01-03 12:31:00,4,4,4,4,4,4,4,4,4,4,4,4,4,4,4,4,7,7,7,7,8,7,7,4,7,7,7,34,7,7,7,7,7,7,8,7,4,7,7,8,7,7,7,7,7,7,7,8,7,7,7,12,7,7,7,7,7,8,7,7,12,7,4,5,4,4,4,4
2024-01-03 12:31:05,4,4,4,4,4,4,4,4,4,4,4,4,4,4,4,4,7,7,7,7,8,7,7,4,7,7,7,34,7,7,7,7,7,7,8,7,4,7,7,8,7,7,7,7,7,7,7,8,7,7,7,12,7,7,7,7,7,8,7,7,12,7,4,5,4,4,4,4
2024-01-03 12:31:10,4,4,4,4,4,4,4,4,4,4,4,4,4,4,4,4,7,7,7,7,8,7,7,4,7,7,7,34,7,7,7,7,7,7,8,7,4,7,7,8,7,7,7,7,7,7,7,8,7,7,7,12,7,7,7,7,7,8,7,7,12,7,4,5,4,4,4,4
2024-01-03 12:31:15,4,4,4,4,4,4,4,4,4,4,4,4,4,4,4,4,7,7,7,7,8,7,7,4,7,7,7,34,7,7,7,7,7,7,8,7,4,7,7,8,7,7,7,7,7,7,7,8,7,7,7,12,7,7,7,7,7,8,7,7,12,7,4,5,4,4,4,4
2024-01-03 12:31:20,4,4,4,4,4,4,4,4,4,4,4,4,4,4,4,4,7,7,7,7,8,7,7,4,7,7,7,34,7,7,7,7,7,7,8,7,4,7,7,8,7,7,7,7,7,7,7,8,7,7,7,12,7,7,7,7,7,8,7,7,12,7,4,5,4,4,4,4
2024-01-03 12:31:25,4,4,4,4,4,4,4,4,4,4,4,4,4,4,4,4,7,7,7,7,8,7,7,4,7,7,7,34,7,7,7,7,7,7,8,7,4,7,7,8,7,7,7,7,7,7,7,8,7,7,7,12,7,7,7,7,7,8,7,7,12,7,4,5,4,4,4,4
2024-01-03 12:31:30,4,4,4,4,4,4,4,4,4,4,4,4,4,4,4,4,7,7,7,7,8,7,7,4,7,7,7,34,7,7,7,7,7,7,8,7,4,7,7,8,7,7,7,7,7,7,7,8,7,7,7,12,7,7,7,7,7,8,7,7,12,7,4,5,4,4,4,4
2024-01-03 12:31:35,4,4,4,4,4,4,4,4,4,4,4,4,4,4,4,4,7,7,7,7,8,7,7,4,7,7,7,34,7,7,7,7,7,7,8,7,4,7,7,8,7,7,7,7,7,7,7,8,7,7,7,12,7,7,7,7,7,8,7,7,12,7,4,5,4,4,4,4
2024-01-03 12:31:40,4,4,4,4,4,4,4,4,4,4,4,4,4,4,4,4,7,7,7,7,8,7,7,4,7,7,7,34,7,7,7,7,7,7,8,7,4,7,7,8,7,7,7,7,7,7,7,8,7,7,7,12,7,7,7,7,7,8,7,7,12,7,4,5,4,4,4,4
2024-01-03 12:31:45,4,4,4,4,4,4,4,4,4,4,4,4,4,4,4,4,7,7,7,7,8,7,7,4,7,7,7,34,7,7,7,7,7,7,8,7,4,7,7,8,7,7,7,7,7,7,7,8,7,7,7,12,7,7,7,7,7,8,7,7,12,7,4,5,4,4,4,4
2024-01-03 12:31:50,4,4,4,4,4,4,4,4,4,4,4,4,4,4,4,4,7,7,7,7,8,7,7,4,7,7,7,34,7,7,7,7,7,7,8,7,4,7,7,8,7,7,7,7,7,7,7,8,7,7,7,12,7,7,7,7,7,8,7,7,12,7,4,5,4,4,4,4
2024-01-03 12:31:55,4,4,4,4,4,4,4,4,4,4,4,4,4,4,4,4,7,7,7,7,8,7,7,4,7,7,7,34,7,7,7,7,7,7,8,7,4,7,7,8,7,7,7,7,7,7,7,8,7,7,7,12,7,7,7,7,7,8,7,7,12,7,4,5,4,4,4,4
2024-01-03 12:32:00,4,4,4,4,4,4,4,4,4,4,4,4,4,4,4,4,7,7,7,7,8,7,7,4,7,7,7,34,7,7,7,7,7,7,8,7,4,7,7,8,7,7,7,7,7,7,7,8,7,7,7,12,7,7,7,7,7,8,7,7,12,7,4,5,4,4,4,4
2024-01-03 12:32:05,4,4,4,4,4,4,4,4,4,4,4,4,4,4,4,4,7,7,7,7,8,7,7,4,7,7,7,34,7,7,7,7,7,7,8,7,4,7,7,8,7,7,7,7,7,7,7,8,7,7,7,12,7,7,7,7,7,8,7,7,12,7,4,5,4,4,4,4
2024-01-03 12:32:10,4,4,4,4,4,4,4,4,4,4,4,4,4,4,4,4,7,7,7,7,8,7,7,4,7,7,7,34,7,7,7,7,7,7,8,7,4,7,7,8,7,7,7,7,7,7,7,8,7,7,7,12,7,7,7,7,7,8,7,7,12,7,4,5,4,4,4,4
2024-01-03 12:32:15,4,4,4,4,4,4,4,4,4,4,4,4,4,4,4,4,7,7,7,7,8,7,7,4,7,7,7,34,7,7,7,7,7,7,8,7,4,7,7,8,7,7,7,7,7,7,7,8,7,7,7,12,7,7,7,7,7,8,7,7,12,7,4,5,4,4,4,4
2024-01-03 12:32:20,4,4,4,4,4,4,4,4,4,4,4,4,4,4,4,4,7,7,7,7,8,7,7,4,7,7,7,34,7,7,7,7,7,7,8,7,4,7,7,8,7,7,7,7,7,7,7,8,7,7,7,12,7,7,7,7,7,8,7,7,12,7,4,5,4,4,4,4
2024-01-03 12:32:25,4,4,4,4,4,4,4,4,4,4,4,4,4,4,4,4,7,7,7,7,8,7,7,4,7,7,7,34,7,7,7,7,7,7,8,7,4,7,7,8,7,7,7,7,7,7,7,8,7,7,7,12,7,7,7,7,7,8,7,7,12,7,4,5,4,4,4,4
2024-01-03 12:32:30,4,4,4,4,4,4,4,4,4,4,4,4,4,4,4,4,7,7,7,7,8,7,7,4,7,7,7,34,7,7,7,7,7,7,8,7,4,7,7,8,7,7,7,7,7,7,7,8,7,7,7,12,7,7,7,7,7,8,7,7,12,7,4,5,4,4,4,4
2024-01-03 12:32:35,4,4,4,4,4,4,4,4,4,4,4,4,4,4,4,4,7,7,7,7,8,7,7,4,7,7,7,34,7,7,7,7,7,7,8,7,4,7,7,8,7,7,7,7,7,7,7,8,7,7,7,12,7,7,7,7,7,8,7,7,12,7,4,5,4,4,4,4
2024-01-03 12:32:40,4,4,4,4,4,4,4,4,4,4,4,4,4,4,4,4,7,7,7,7,8,7,7,4,7,7,7,34,7,7,7,7,7,7,8,7,4,7,7,8,7,7,7,7,7,7,7,8,7,7,7,12,7,7,7,7,7,8,7,7,12,7,4,5,4,4,4,4
2024-01-03 12:32:45,4,4,4,4,4,4,4,4,4,4,4,4,4,4,4,4,7,7,7,7,8,7,7,4,7,7,7,34,7,7,7,7,7,7,8,7,4,7,7,8,7,7,7,7,7,7,7,8,7,7,7,12,7,7,7,7,7,8,7,7,12,7,4,5,4,4,4,4
2024-01-03 12:32:50,4,4,4,4,4,4,4,4,4,4,4,4,4,4,4,4,7,7,7,7,8,7,7,4,7,7,7,34,7,7,7,7,7,7,8,7,4,7,7,8,7,7,7,7,7,7,7,8,7,7,7,12,7,7,7,7,7,8,7,7,12,7,4,5,4,4,4,4
2024-01-03 12:32:55,4,4,4,4,4,4,4,4,4,4,4,4,4,4,4,4,7,7,7,7,8,7,7,4,7,7,7,34,7,7,7,7,7,7,8,7,4,7,7,8,7,7,7,7,7,7,7,8,7,7,7,12,7,7,7,7,7,8,7,7,12,7,4,5,4,4,4,4
2024-01-03 12:33:00,4,4,4,4,4,4,4,4,4,4,4,4,4,4,4,4,7,7,7,7,8,7,7,4,7,7,7,34,7,7,7,7,7,7,8,7,4,7,7,8,7,7,7,7,7,7,7,8,7,7,7,12,7,7,7,7,7,8,7,7,12,7,4,5,4,4,4,4
2024-01-03 12:33:05,4,4,4,4,4,4,4,4,4,4,4,4,4,4,4,4,7,7,7,7,8,7,7,4,7,7,7,34,7,7,7,7,7,7,8,7,4,7,7,8,7,7,7,7,7,7,7,8,7,7,7,12,7,7,7,7,7,8,7,7,12,7,4,5,4,4,4,4
2024-01-03 12:33:10,4,4,4,4,4,4,4,4,4,4,4,4,4,4,4,4,7,7,7,7,8,7,7,4,7,7,7,34,7,7,7,7,7,7,8,7,4,7,7,8,7,7,7,7,7,7,7,8,7,7,7,12,7,7,7,7,7,8,7,7,12,7,4,5,4,4,4,4
2024-01-03 12:33:15,4,4,4,4,4,4,4,4,4,4,4,4,4,4,4,4,7,7,7,7,8,7,7,4,7,7,7,34,7,7,7,7,7,7,8,7,4,7,7,8,7,7,7,7,7,7,7,8,7,7,7,12,7,7,7,7,7,8,7,7,12,7,4,5,4,4,4,4
2024-01-03 12:33:20,4,4,4,4,4,4,4,4,4,4,4,4,4,4,4,4,7,7,7,7,8,7,7,4,7,7,7,34,7,7,7,7,7,7,8,7,4,7,7,8,7,7,7,7,7,7,7,8,7,7,7,12,7,7,7,7,7,8,7,7,12,7,4,5,4,4,4,4
2024-01-03 12:33:25,4,4,4,4,4,4,4,4,4,4,4,4,4,4,4,4,7,7,7,7,8,7,7,4,7,7,7,34,7,7,7,7,7,7,8,7,4,7,7,8,7,7,7,7,7,7,7,8,7,7,7,12,7,7,7,7,7,8,7,7,12,7,4,5,4,4,4,4
2024-01-03 12:33:30,4,4,4,4,4,4,4,4,4,4,4,4,4,4,4,4,7,7,7,7,8,7,7,4,7,7,7,34,7,7,7,7,7,7,8,7,4,7,7,8,7,7,7,7,7,7,7,8,7,7,7,12,7,7,7,7,7,8,7,7,12,7,4,5,4,4,4,4
2024-01-03 12:33:35,4,4,4,4,4,4,4,4,4,4,4,4,4,4,4,4,7,7,7,7,8,7,7,4,7,7,7,34,7,7,7,7,7,7,8,7,4,7,7,8,7,7,7,7,7,7,7,8,7,7,7,12,7,7,7,7,7,8,7,7,12,7,4,5,4,4,4,4
2024-01-03 12:33:40,4,4,4,4,4,4,4,4,4,4,4,4,4,4,4,4,7,7,7,7,8,7,7,4,7,7,7,34,7,7,7,7,7,7,8,7,4,7,7,8,7,7,7,7,7,7,7,8,7,7,7,12,7,7,7,7,7,8,7,7,12,7,4,5,4,4,4,4
2024-01-03 12:33:45,4,4,4,4,4,4,4,4,4,4,4,4,4,4,4,4,7,7,7,7,8,7,7,4,7,7,7,34,7,7,7,7,7,7,8,7,4,7,7,8,7,7,7,7,7,7,7,8,7,7,7,12,7,7,7,7,7,8,7,7,12,7,4,5,4,4,4,4
2024-01-03 12:33:50,4,4,4,4,4,4,4,4,4,4,4,4,4,4,4,4,7,7,7,7,8,7,7,4,7,7,7,34,7,7,7,7,7,7,8,7,4,7,7,8,7,7,7,7,7,7,7,8,7,7,7,12,7,7,7,7,7,8,7,7,12,7,4,5,4,4,4,4
2024-01-03 12:33:55,4,4,4,4,4,4,4,4,4,4,4,4,4,4,4,4,7,7,7,7,8,7,7,4,7,7,7,34,7,7,7,7,7,7,8,7,4,7,7,8,7,7,7,7,7,7,7,8,7,7,7,12,7,7,7,7,7,8,7,7,12,7,4,5,4,4,4,4
2024-01-03 12:34:00,4,4,4,4,4,4,4,4,4,4,4,4,4,4,4,4,7,7,7,7,8,7,7,4,7,7,7,34,7,7,7,7,7,7,8,7,4,7,7,8,7,7,7,7,7,7,7,8,7,7,7,12,7,7,7,7,7,8,7,7,12,7,4,5,4,4,4,4
2024-01-03 12:34:05,4,4,4,4,4,4,4,4,4,4,4,4,4,4,4,4,7,7,7,7,8,7,7,4,7,7,7,34,7,7,7,7,7,7,8,7,4,7,7,8,7,7,7,7,7,7,7,8,7,7,7,12,7,7,7,7,7,8,7,7,12,7,4,5,4,4,4,4
2024-01-03 12:34:10,4,4,4,4,4,4,4,4,4,4,4,4,4,4,4,4,7,7,7,7,8,7,7,4,7,7,7,34,7,7,7,7,7,7,8,7,4,7,7,8,7,7,7,7,7,7,7,8,7,7,7,12,7,7,7,7,7,8,7,7,12,7,4,5,4,4,4,4
2024-01-03 12:34:15,4,4,4,4,4,4,4,4,4,4,4,4,4,4,4,4,7,7,7,7,8,7,7,4,7,7,7,34,7,7,7,7,7,7,8,7,4,7,7,8,7,7,7,7,7,7,7,8,7,7,7,12,7,7,7,7,7,8,7,7,12,7,4,5,4,4,4,4
2024-01-03 12:34:20,4,4,4,4,4,4,4,4,4,4,4,4,4,4,4,4,7,7,7,7,8,7,7,4,7,7,7,34,7,7,7,7,7,7,8,7,4,7,7,8,7,7,7,7,7,7,7,8,7,7,7,12,7,7,7,7,7,8,7,7,12,7,4,5,4,4,4,4
2024-01-03 12:34:25,4,4,4,4,4,4,4,4,4,4,4,4,4,4,4,4,7,7,7,7,8,7,7,4,7,7,7,34,7,7,7,7,7,7,8,7,4,7,7,8,7,7,7,7,7,7,7,8,7,7,7,12,7,7,7,7,7,8,7,7,12,7,4,5,4,4,4,4
2024-01-03 12:34:30,4,4,4,4,4,4,4,4,4,4,4,4,4,4,4,4,7,7,7,7,8,7,7,4,7,7,7,34,7,7,7,7,7,7,8,7,4,7,7,8,7,7,7,7,7,7,7,8,7,7,7,12,7,7,7,7,7,8,7,7,12,7,4,5,4,4,4,4
2024-01-03 12:34:35,4,4,4,4,4,4,4,4,4,4,4,4,4,4,4,4,7,7,7,7,8,7,7,4,7,7,7,34,7,7,7,7,7,7,8,7,4,7,7,8,7,7,7,7,7,7,7,8,7,7,7,12,7,7,7,7,7,8,7,7,12,7,4,5,4,4,4,4
2024-01-03 12:34:40,4,4,4,4,4,4,4,4,4,4,4,4,4,4,4,4,7,7,7,7,8,7,7,4,7,7,7,34,7,7,7,7,7,7,8,7,4,7,7,8,7,7,7,7,7,7,7,8,7,7,7,12,7,7,7,7,7,8,7,7,12,7,4,5,4,4,4,4
2024-01-03 12:34:45,4,4,4,4,4,4,4,4,4,4,4,4,4,4,4,4,7,7,7,7,8,7,7,4,7,7,7,34,7,7,7,7,7,7,8,7,4,7,7,8,7,7,7,7,7,7,7,8,7,7,7,12,7,7,7,7,7,8,7,7,12,7,4,5,4,4,4,4
2024-01-03 12:34:50,4,4,4,4,4,4,4,4,4,4,4,4,4,4,4,4,7,7,7,7,8,7,7,4,7,7,7,34,7,7,7,7,7,7,8,7,4,7,7,8,7,7,7,7,7,7,7,8,7,7,7,12,7,7,7,7,7,8,7,7,12,7,4,5,4,4,4,4
2024-01-03 12:34:55,4,4,4,4,4,4,4,4,4,4,4,4,4,4,4,4,7,7,7,7,8,7,7,4,7,7,7,34,7,7,7,7,7,7,8,7,4,7,7,8,7,7,7,7,7,7,7,8,7,7,7,12,7,7,7,7,7,8,7,7,12,7,4,5,4,4,4,4
2024-01-03 12:35:00,4,4,4,4,4,4,4,4,4,4,4,4,4,4,4,4,7,7,7,7,8,7,7,4,7,7,7,34,7,7,7,7,7,7,8,7,4,7,7,8,7,7,7,7,7,7,7,8,7,7,7,12,7,7,7,7,7,8,7,7,12,7,4,5,4,4,4,4
2024-01-03 12:35:05,4,4,4,4,4,4,4,4,4,4,4,4,4,4,4,4,7,7,7,7,8,7,7,4,7,7,7,34,7,7,7,7,7,7,8,7,4,7,7,8,7,7,7,7,7,7,7,8,7,7,7,12,7,7,7,7,7,8,7,7,12,7,4,5,4,4,4,4
2024-01-03 12:35:10,4,4,4,4,4,4,4,4,4,4,4,4,4,4,4,4,7,7,7,7,8,7,7,4,7,7,7,34,7,7,7,7,7,7,8,7,4,7,7,8,7,7,7,7,7,7,7,8,7,7,7,12,7,7,7,7,7,8,7,7,12,7,4,5,4,4,4,4
2024-01-03 12:35:15,4,4,4,4,4,4,4,4,4,4,4,4,4,4,4,4,7,7,7,7,8,7,7,4,7,7,7,34,7,7,7,7,7,7,8,7,4,7,7,8,7,7,7,7,7,7,7,8,7,7,7,12,7,7,7,7,7,8,7,7,12,7,4,5,4,4,4,4
2024-01-03 12:35:20,4,4,4,4,4,4,4,4,4,4,4,4,4,4,4,4,7,7,7,7,8,7,7,4,7,7,7,35,7,7,7,7,7,7,8,7,4,7,7,8,7,7,7,7,7,7,7,8,7,7,7,12,7,7,7,7,7,8,7,7,12,7,4,5,4,4,4,4
2024-01-03 12:35:25,4,4,4,4,4,4,4,4,4,4,4,4,4,4,4,4,7,7,7,7,8,7,7,4,7,7,7,35,7,7,7,7,7,7,8,7,4,7,7,8,7,7,7,7,7,7,7,8,7,7,7,12,7,7,7,7,7,8,7,7,12,7,4,5,4,4,4,4
2024-01-03 12:35:30,4,4,4,4,4,4,4,4,4,4,4,4,4,4,4,4,7,7,7,7,8,7,7,4,7,7,7,35,7,7,7,7,7,7,8,7,4,7,7,8,7,7,7,7,7,7,7,8,7,7,7,12,7,7,7,7,7,8,7,7,12,7,4,5,4,4,4,4
2024-01-03 12:35:35,4,4,4,4,4,4,4,4,4,4,4,4,4,4,4,4,7,7,7,7,8,7,7,4,7,7,7,35,7,7,7,7,7,7,8,7,4,7,7,8,7,7,7,7,7,7,7,8,7,7,7,12,7,7,7,7,7,8,7,7,12,7,4,5,4,4,4,4
2024-01-03 12:35:40,4,4,4,4,4,4,4,4,4,4,4,4,4,4,4,4,7,7,7,7,8,7,7,4,7,7,7,35,7,7,7,7,7,7,8,7,4,7,7,8,7,7,7,7,7,7,7,8,7,7,7,12,7,7,7,7,7,8,7,7,12,7,4,5,4,4,4,4
2024-01-03 12:35:45,4,4,4,4,4,4,4,4,4,4,4,4,4,4,4,4,7,7,7,7,8,7,7,4,7,7,7,35,7,7,7,7,7,7,8,7,4,7,7,8,7,7,7,7,7,7,7,8,7,7,7,12,7,7,7,7,7,8,7,7,12,7,4,5,4,4,4,4
2024-01-03 12:35:50,4,4,4,4,4,4,4,4,4,4,4,4,4,4,4,4,7,7,7,7,8,7,7,4,7,7,7,35,7,7,7,7,7,7,8,7,4,7,7,8,7,7,7,7,7,7,7,8,7,7,7,12,7,7,7,7,7,8,7,7,12,7,4,5,4,4,4,4
2024-01-03 12:35:55,4,4,4,4,4,4,4,4,4,4,4,4,4,4,4,4,7,7,7,7,8,7,7,4,7,7,7,35,7,7,7,7,7,7,8,7,4,7,7,8,7,7,7,7,7,7,7,8,7,7,7,12,7,7,7,7,7,8,7,7,12,7,4,5,4,4,4,4
2024-01-03 12:36:00,4,4,4,4,4,4,4,4,4,4,4,4,4,4,4,4,7,7,7,7,8,7,7,4,7,7,7,35,7,7,7,7,7,7,8,7,4,7,7,8,7,7,7,7,7,7,7,8,7,7,7,12,7,7,7,7,7,8,7,7,12,7,4,5,4,4,4,4
2024-01-03 12:36:05,4,4,4,4,4,4,4,4,4,4,4,4,4,4,4,4,7,7,7,7,8,7,7,4,7,7,7,35,7,7,7,7,7,7,8,7,4,7,7,8,7,7,7,7,7,7,7,8,7,7,7,12,7,7,7,7,7,8,7,7,12,7,4,5,4,4,4,4
2024-01-03 12:36:10,4,4,4,4,4,4,4,4,4,4,4,4,4,4,4,4,7,7,7,7,8,7,7,4,7,7,7,35,7,7,7,7,7,7,8,7,4,7,7,8,7,7,7,7,7,7,7,8,7,7,7,12,7,7,7,7,7,8,7,7,12,7,4,5,4,4,4,4
2024-01-03 12:36:15,4,4,4,4,4,4,4,4,4,4,4,4,4,4,4,4,7,7,7,7,8,7,7,4,7,7,7,35,7,7,7,7,7,7,8,7,4,7,7,8,7,7,7,7,7,7,7,8,7,7,7,12,7,7,7,7,7,8,7,7,12,7,4,5,4,4,4,4
2024-01-03 12:36:20,4,4,4,4,4,4,4,4,4,4,4,4,4,4,4,4,7,7,7,7,8,7,7,4,7,7,7,35,7,7,7,7,7,7,8,7,4,7,7,8,7,7,7,7,7,7,7,8,7,7,7,12,7,7,7,7,7,8,7,7,12,7,4,5,4,4,4,4
2024-01-03 12:36:25,4,4,4,4,4,4,4,4,4,4,4,4,4,4,4,4,7,7,7,7,8,7,7,4,7,7,7,35,7,7,7,7,7,7,8,7,4,7,7,8,7,7,7,7,7,7,7,8,7,7,7,12,7,7,7,7,7,8,7,7,12,7,4,5,4,4,4,4
2024-01-03 12:36:30,4,4,4,4,4,4,4,4,4,4,4,4,4,4,4,4,7,7,7,7,8,7,7,4,7,7,7,35,7,7,7,7,7,7,8,7,4,7,7,8,7,7,7,7,7,7,7,8,7,7,7,12,7,7,7,7,7,8,7,7,12,7,4,5,4,4,4,4
2024-01-03 12:36:35,4,4,4,4,4,4,4,4,4,4,4,4,4,4,4,4,7,7,7,7,8,7,7,4,7,7,7,35,7,7,7,7,7,7,8,7,4,7,7,8,7,7,7,7,7,7,7,8,7,7,7,12,7,7,7,7,7,8,7,7,12,7,4,5,4,4,4,4
2024-01-03 12:36:40,4,4,4,4,4,4,4,4,4,4,4,4,4,4,4,4,7,7,7,7,8,7,7,4,7,7,7,35,7,7,7,7,7,7,8,7,4,7,7,8,7,7,7,7,7,7,7,8,7,7,7,12,7,7,7,7,7,8,7,7,12,7,4,5,4,4,4,4
2024-01-03 12:36:45,4,4,4,4,4,4,4,4,4,4,4,4,4,4,4,4,7,7,7,7,8,7,7,4,7,7,7,35,7,7,7,7,7,7,8,7,4,7,7,8,7,7,7,7,7,7,7,8,7,7,7,12,7,7,7,7,7,8,7,7,12,7,4,5,4,4,4,4
2024-01-03 12:36:50,4,4,4,4,4,4,4,4,4,4,4,4,4,4,4,4,7,7,7,7,8,7,7,4,7,7,7,35,7,7,7,7,7,7,8,7,4,7,7,8,7,7,7,7,7,7,7,8,7,7,7,12,7,7,7,7,7,8,7,7,12,7,4,5,4,4,4,4
2024-01-03 12:36:55,4,4,4,4,4,4,4,4,4,4,4,4,4,4,4,4,7,7,7,7,8,7,7,4,7,7,7,35,7,7,7,7,7,7,8,7,4,7,7,8,7,7,7,7,7,7,7,8,7,7,7,12,7,7,7,7,7,8,7,7,12,7,4,5,4,4,4,4
2024-01-03 12:37:00,4,4,4,4,4,4,4,4,4,4,4,4,4,4,4,4,7,7,7,7,8,7,7,4,7,7,7,35,7,7,7,7,7,7,8,7,4,7,7,8,7,7,7,7,7,7,7,8,7,7,7,12,7,7,7,7,7,8,7,7,12,7,4,5,4,4,4,4
2024-01-03 12:37:05,4,4,4,4,4,4,4,4,4,4,4,4,4,4,4,4,7,7,7,7,8,7,7,4,7,7,7,35,7,7,7,7,7,7,8,7,4,7,7,8,7,7,7,7,7,7,7,8,7,7,7,12,7,7,7,7,7,8,7,7,12,7,4,5,4,4,4,4
2024-01-03 12:37:10,4,4,4,4,4,4,4,4,4,4,4,4,4,4,4,4,7,7,7,7,8,7,7,4,7,7,7,35,7,7,7,7,7,7,8,7,4,7,7,8,7,7,7,7,7,7,7,8,7,7,7,12,7,7,7,7,7,8,7,7,12,7,4,5,4,4,4,4
2024-01-03 12:37:15,4,4,4,4,4,4,4,4,4,4,4,4,4,4,4,4,7,7,7,7,8,7,7,4,7,7,7,35,7,7,7,7,7,7,8,7,4,7,7,8,7,7,7,7,7,7,7,8,7,7,7,12,7,7,7,7,7,8,7,7,12,7,4,5,4,4,4,4
2024-01-03 12:37:20,4,4,4,4,4,4,4,4,4,4,4,4,4,4,4,4,7,7,7,7,8,7,7,4,7,7,7,35,7,7,7,7,7,7,8,7,4,7,7,8,7,7,7,7,7,7,7,8,7,7,7,12,7,7,7,7,7,8,7,7,12,7,4,5,4,4,4,4
2024-01-03 12:37:25,4,4,4,4,4,4,4,4,4,4,4,4,4,4,4,4,7,7,7,7,8,7,7,4,7,7,7,35,7,7,7,7,7,7,8,7,4,7,7,8,7,7,7,7,7,7,7,8,7,7,7,12,7,7,7,7,7,8,7,7,12,7,4,5,4,4,4,4
2024-01-03 12:37:30,4,4,4,4,4,4,4,4,4,4,4,4,4,4,4,4,7,7,7,7,8,7,7,4,7,7,7,35,7,7,7,7,7,7,8,7,4,7,7,8,7,7,7,7,7,7,7,8,7,7,7,12,7,7,7,7,7,8,7,7,12,7,4,5,4,4,4,4
2024-01-03 12:37:35,4,4,4,4,4,4,4,4,4,4,4,4,4,4,4,4,7,7,7,7,8,7,7,4,7,7,7,35,7,7,7,7,7,7,8,7,4,7,7,8,7,7,7,7,7,7,7,8,7,7,7,12,7,7,7,7,7,8,7,7,12,7,4,5,4,4,4,4
2024-01-03 12:37:40,4,4,4,4,4,4,4,4,4,4,4,4,4,4,4,4,7,7,7,7,8,7,7,4,7,7,7,35,7,7,7,7,7,7,8,7,4,7,7,8,7,7,7,7,7,7,7,8,7,7,7,12,7,7,7,7,7,8,7,7,12,7,4,5,4,4,4,4
2024-01-03 12:37:45,4,4,4,4,4,4,4,4,4,4,4,4,4,4,4,4,7,7,7,7,8,7,7,4,7,7,7,35,7,7,7,7,7,7,8,7,4,7,7,8,7,7,7,7,7,7,7,8,7,7,7,12,7,7,7,7,7,8,7,7,12,7,4,5,4,4,4,4
2024-01-03 12:37:50,4,4,4,4,4,4,4,4,4,4,4,4,4,4,4,4,7,7,7,7,8,7,7,4,7,7,7,35,7,7,7,7,7,7,8,7,4,7,7,8,7,7,7,7,7,7,7,8,7,7,7,12,7,7,7,7,7,8,7,7,12,7,4,5,4,4,4,4
2024-01-03 12:37:55,4,4,4,4,4,4,4,4,4,4,4,4,4,4,4,4,7,7,7,7,8,7,7,4,7,7,7,35,7,7,7,7,7,7,8,7,4,7,7,8,7,7,7,7,7,7,7,8,7,7,7,12,7,7,7,7,7,8,7,7,12,7,4,5,4,4,4,4
2024-01-03 12:38:00,4,4,4,4,4,4,4,4,4,4,4,4,4,4,4,4,7,7,7,7,8,7,7,4,7,7,7,35,7,7,7,7,7,7,8,7,4,7,7,8,7,7,7,7,7,7,7,8,7,7,7,12,7,7,7,7,7,8,7,7,12,7,4,5,4,4,4,4
2024-01-03 12:38:05,4,4,4,4,4,4,4,4,4,4,4,4,4,4,4,4,7,7,7,7,8,7,7,4,7,7,7,35,7,7,7,7,7,7,8,7,4,7,7,8,7,7,7,7,7,7,7,8,7,7,7,12,7,7,7,7,7,8,7,7,12,7,4,5,4,4,4,4
2024-01-03 12:38:10,4,4,4,4,4,4,4,4,4,4,4,4,4,4,4,4,7,7,7,7,8,7,7,4,7,7,7,35,7,7,7,7,7,7,8,7,4,7,7,8,7,7,7,7,7,7,7,8,7,7,7,12,7,7,7,7,7,8,7,7,12,7,4,5,4,4,4,4
2024-01-03 12:38:15,4,4,4,4,4,4,4,4,4,4,4,4,4,4,4,4,7,7,7,7,8,7,7,4,7,7,7,35,7,7,7,7,7,7,8,7,4,7,7,8,7,7,7,7,7,7,7,8,7,7,7,12,7,7,7,7,7,8,7,7,12,7,4,5,4,4,4,4
2024-01-03 12:38:20,4,4,4,4,4,4,4,4,4,4,4,4,4,4,4,4,7,7,7,7,8,7,7,4,7,7,7,35,7,7,7,7,7,7,8,7,4,7,7,8,7,7,7,7,7,7,7,8,7,7,7,12,7,7,7,7,7,8,7,7,12,7,4,5,4,4,4,4
2024-01-03 12:38:25,4,4,4,4,4,4,4,4,4,4,4,4,4,4,4,4,7,7,7,7,8,7,7,4,7,7,7,35,7,7,7,7,7,7,8,7,4,7,7,8,7,7,7,7,7,7,7,8,7,7,7,12,7,7,7,7,7,8,7,7,12,7,4,5,4,4,4,4
2024-01-03 12:38:30,4,4,4,4,4,4,4,4,4,4,4,4,4,4,4,4,7,7,7,7,8,7,7,4,7,7,7,35,7,7,7,7,7,7,8,7,4,7,7,8,7,7,7,7,7,7,7,8,7,7,7,12,7,7,7,7,7,8,7,7,12,7,4,5,4,4,4,4
2024-01-03 12:38:35,4,4,4,4,4,4,4,4,4,4,4,4,4,4,4,4,7,7,7,7,8,7,7,4,7,7,7,35,7,7,7,7,7,7,8,7,4,7,7,8,7,7,7,7,7,7,7,8,7,7,7,12,7,7,7,7,7,8,7,7,12,7,4,5,4,4,4,4
2024-01-03 12:38:40,4,4,4,4,4,4,4,4,4,4,4,4,4,4,4,4,7,7,7,7,8,7,7,4,7,7,7,35,7,7,7,7,7,7,8,7,4,7,7,8,7,7,7,7,7,7,7,8,7,7,7,12,7,7,7,7,7,8,7,7,12,7,4,5,4,4,4,4
2024-01-03 12:38:45,4,4,4,4,4,4,4,4,4,4,4,4,4,4,4,4,7,7,7,7,8,7,7,4,7,7,7,35,7,7,7,7,7,7,8,7,4,7,7,8,7,7,7,7,7,7,7,8,7,7,7,12,7,7,7,7,7,8,7,7,12,7,4,5,4,4,4,4
2024-01-03 12:38:50,4,4,4,4,4,4,4,4,4,4,4,4,4,4,4,4,7,7,7,7,8,7,7,4,7,7,7,35,7,7,7,7,7,7,8,7,4,7,7,8,7,7,7,7,7,7,7,8,7,7,7,12,7,7,7,7,7,8,7,7,12,7,4,5,4,4,4,4
2024-01-03 12:38:55,4,4,4,4,4,4,4,4,4,4,4,4,4,4,4,4,7,7,7,7,8,7,7,4,7,7,7,35,7,7,7,7,7,7,8,7,4,7,7,8,7,7,7,7,7,7,7,8,7,7,7,12,7,7,7,7,7,8,7,7,12,7,4,5,4,4,4,4
2024-01-03 12:39:00,4,4,4,4,4,4,4,4,4,4,4,4,4,4,4,4,7,7,7,7,8,7,7,4,7,7,7,35,7,7,7,7,7,7,8,7,4,7,7,8,7,7,7,7,7,7,7,8,7,7,7,12,7,7,7,7,7,8,7,7,12,7,4,5,4,4,4,4
2024-01-03 12:39:05,4,4,4,4,4,4,4,4,4,4,4,4,4,4,4,4,7,7,7,7,8,7,7,4,7,7,7,35,7,7,7,7,7,7,8,7,4,7,7,8,7,7,7,7,7,7,7,8,7,7,7,12,7,7,7,7,7,8,7,7,12,7,4,5,4,4,4,4
2024-01-03 12:39:10,4,4,4,4,4,4,4,4,4,4,4,4,4,4,4,4,7,7,7,7,8,7,7,4,7,7,7,35,7,7,7,7,7,7,8,7,4,7,7,8,7,7,7,7,7,7,7,8,7,7,7,12,7,7,7,7,7,8,7,7,12,7,4,5,4,4,4,4
2024-01-03 12:39:15,4,4,4,4,4,4,4,4,4,4,4,4,4,4,4,4,7,7,7,7,8,7,7,4,7,7,7,35,7,7,7,7,7,7,8,7,4,7,7,8,7,7,7,7,7,7,7,8,7,7,7,12,7,7,7,7,7,8,7,7,12,7,4,5,4,4,4,4
2024-01-03 12:39:20,4,4,4,4,4,4,4,4,4,4,4,4,4,4,4,4,7,7,7,7,8,7,7,4,7,7,7,35,7,7,7,7,7,7,8,7,4,7,7,8,7,7,7,7,7,7,7,8,7,7,7,12,7,7,7,7,7,8,7,7,12,7,4,5,4,4,4,4
2024-01-03 12:39:25,4,4,4,4,4,4,4,4,4,4,4,4,4,4,4,4,7,7,7,7,8,7,7,4,7,7,7,35,7,7,7,7,7,7,8,7,4,7,7,8,7,7,7,7,7,7,7,8,7,7,7,12,7,7,7,7,7,8,7,7,12,7,4,5,4,4,4,4
2024-01-03 12:39:30,4,4,4,4,4,4,4,4,4,4,4,4,4,4,4,4,7,7,7,7,8,7,7,4,7,7,7,35,7,7,7,7,7,7,8,7,4,7,7,8,7,7,7,7,7,7,7,8,7,7,7,12,7,7,7,7,7,8,7,7,12,7,4,5,4,4,4,4
2024-01-03 12:39:35,4,4,4,4,4,4,4,4,4,4,4,4,4,4,4,4,7,7,7,7,8,7,7,4,7,7,7,35,7,7,7,7,7,7,8,7,4,7,7,8,7,7,7,7,7,7,7,8,7,7,7,12,7,7,7,7,7,8,7,7,12,7,4,5,4,4,4,4
2024-01-03 12:39:40,4,4,4,4,4,4,4,4,4,4,4,4,4,4,4,4,7,7,7,7,8,7,7,4,7,7,7,35,7,7,7,7,7,7,8,7,4,7,7,8,7,7,7,7,7,7,7,8,7,7,7,12,7,7,7,7,7,8,7,7,12,7,4,5,4,4,4,4
2024-01-03 12:39:45,4,4,4,4,4,4,4,4,4,4,4,4,4,4,4,4,7,7,7,7,8,7,7,4,7,7,7,35,7,7,7,7,7,7,8,7,4,7,7,8,7,7,7,7,7,7,7,8,7,7,7,12,7,7,7,7,7,8,7,7,12,7,4,5,4,4,4,4
2024-01-03 12:39:50,4,4,4,4,4,4,4,4,4,4,4,4,4,4,4,4,7,7,7,7,8,7,7,4,7,7,7,35,7,7,7,7,7,7,8,7,4,7,7,8,7,7,7,7,7,7,7,8,7,7,7,12,7,7,7,7,7,8,7,7,12,7,4,5,4,4,4,4
2024-01-03 12:39:55,4,4,4,4,4,4,4,4,4,4,4,4,4,4,4,4,7,7,7,7,8,7,7,4,7,7,7,35,7,7,7,7,7,7,8,7,4,7,7,8,7,7,7,7,7,7,7,8,7,7,7,12,7,7,7,7,7,8,7,7,12,7,4,5,4,4,4,4
2024-01-03 12:40:00,4,4,4,4,4,4,4,4,4,4,4,4,4,4,4,4,7,7,7,7,8,7,7,4,7,7,7,35,7,7,7,7,7,7,8,7,4,7,7,8,7,7,7,7,7,7,7,8,7,7,7,12,7,7,7,7,7,8,7,7,12,7,4,5,4,4,4,4
2024-01-03 12:40:05,4,4,4,4,4,4,4,4,4,4,4,4,4,4,4,4,7,7,7,7,8,7,7,4,7,7,7,35,7,7,7,7,7,7,8,7,4,7,7,8,7,7,7,7,7,7,7,8,7,7,7,12,7,7,7,7,7,8,7,7,12,7,4,5,4,4,4,4
2024-01-03 12:40:10,4,4,4,4,4,4,4,4,4,4,4,4,4,4,4,4,7,7,7,7,8,7,7,4,7,7,7,35,7,7,7,7,7,7,8,7,4,7,7,8,7,7,7,7,7,7,7,8,7,7,7,12,7,7,7,7,7,8,7,7,12,7,4,5,4,4,4,4
2024-01-03 12:40:15,4,4,4,4,4,4,4,4,4,4,4,4,4,4,4,4,7,7,7,7,8,7,7,4,7,7,7,35,7,7,7,7,7,7,8,7,4,7,7,8,7,7,7,7,7,7,7,8,7,7,7,12,7,7,7,7,7,8,7,7,12,7,4,5,4,4,4,4
2024-01-03 12:40:20,4,4,4,4,4,4,4,4,4,4,4,4,4,4,4,4,7,7,7,7,8,7,7,4,7,7,7,35,7,7,7,7,7,7,8,7,4,7,7,8,7,7,7,7,7,7,7,8,7,7,7,12,7,7,7,7,7,8,7,7,12,7,4,5,4,4,4,4
2024-01-03 12:40:25,4,4,4,4,4,4,4,4,4,4,4,4,4,4,4,4,7,7,7,7,8,7,7,4,7,7,7,35,7,7,7,7,7,7,8,7,4,7,7,8,7,7,7,7,7,7,7,8,7,7,7,12,7,7,7,7,7,8,7,7,12,7,4,5,4,4,4,4
2024-01-03 12:40:30,4,4,4,4,4,4,4,4,4,4,4,4,4,4,4,4,7,7,7,7,8,7,7,4,7,7,7,35,7,7,7,7,7,7,8,7,4,7,7,8,7,7,7,7,7,7,7,8,7,7,7,12,7,7,7,7,7,8,7,7,12,7,4,5,4,4,4,4
2024-01-03 12:40:35,4,4,4,4,4,4,4,4,4,4,4,4,4,4,4,4,7,7,7,7,8,7,7,4,7,7,7,35,7,7,7,7,7,7,8,7,4,7,7,8,7,7,7,7,7,7,7,8,7,7,7,12,7,7,7,7,7,8,7,7,12,7,4,5,4,4,4,4
2024-01-03 12:40:40,4,4,4,4,4,4,4,4,4,4,4,4,4,4,4,4,7,7,7,7,8,7,7,4,7,7,7,35,7,7,7,7,7,7,8,7,4,7,7,8,7,7,7,7,7,7,7,8,7,7,7,12,7,7,7,7,7,8,7,7,12,7,4,5,4,4,4,4
2024-01-03 12:40:45,4,4,4,4,4,4,4,4,4,4,4,4,4,4,4,4,7,7,7,7,8,7,7,4,7,7,7,35,7,7,7,7,7,7,8,7,4,7,7,8,7,7,7,7,7,7,7,8,7,7,7,12,7,7,7,7,7,8,7,7,12,7,4,5,4,4,4,4
2024-01-03 12:40:50,4,4,4,4,4,4,4,4,4,4,4,4,4,4,4,4,7,7,7,7,8,7,7,4,7,7,7,35,7,7,7,7,7,7,8,7,4,7,7,8,7,7,7,7,7,7,7,8,7,7,7,12,7,7,7,7,7,8,7,7,12,7,4,5,4,4,4,4
2024-01-03 12:40:55,4,4,4,4,4,4,4,4,4,4,4,4,4,4,4,4,7,7,7,7,8,7,7,4,7,7,7,35,7,7,7,7,7,7,8,7,4,7,7,8,7,7,7,7,7,7,7,8,7,7,7,12,7,7,7,7,7,8,7,7,12,7,4,5,4,4,4,4
2024-01-03 12:41:00,4,4,4,4,4,4,4,4,4,4,4,4,4,4,4,4,7,7,7,7,8,7,7,4,7,7,7,35,7,7,7,7,7,7,8,7,4,7,7,8,7,7,7,7,7,7,7,8,7,7,7,12,7,7,7,7,7,8,7,7,12,7,4,5,4,4,4,4
2024-01-03 12:41:05,4,4,4,4,4,4,4,4,4,4,4,4,4,4,4,4,7,7,7,7,8,7,7,4,7,7,7,35,7,7,7,7,7,7,8,7,4,7,7,8,7,7,7,7,7,7,7,8,7,7,7,12,7,7,7,7,7,8,7,7,12,7,4,5,4,4,4,4
2024-01-03 12:41:10,4,4,4,4,4,4,4,4,4,4,4,4,4,4,4,4,7,7,7,7,8,7,7,4,7,7,7,35,7,7,7,7,7,7,8,7,4,7,7,8,7,7,7,7,7,7,7,8,7,7,7,12,7,7,7,7,7,8,7,7,12,7,4,5,4,4,4,4
2024-01-03 12:41:15,4,4,4,4,4,4,4,4,4,4,4,4,4,4,4,4,7,7,7,7,8,7,7,4,7,7,7,35,7,7,7,7,7,7,8,7,4,7,7,8,7,7,7,7,7,7,7,8,7,7,7,12,7,7,7,7,7,8,7,7,12,7,4,5,4,4,4,4
2024-01-03 12:41:20,4,4,4,4,4,4,4,4,4,4,4,4,4,4,4,4,7,7,7,7,8,7,7,4,7,7,7,35,7,7,7,7,7,7,8,7,4,7,7,8,7,7,7,7,7,7,7,8,7,7,7,12,7,7,7,7,7,8,7,7,12,7,4,5,4,4,4,4
2024-01-03 12:41:25,4,4,4,4,4,4,4,4,4,4,4,4,4,4,4,4,7,7,7,7,8,7,7,4,7,7,7,35,7,7,7,7,7,7,8,7,4,7,7,8,7,7,7,7,7,7,7,8,7,7,7,12,7,7,7,7,7,8,7,7,12,7,4,5,4,4,4,4
2024-01-03 12:41:30,4,4,4,4,4,4,4,4,4,4,4,4,4,4,4,4,7,7,7,7,8,7,7,4,7,7,7,35,7,7,7,7,7,7,8,7,4,7,7,8,7,7,7,7,7,7,7,8,7,7,7,12,7,7,7,7,7,8,7,7,12,7,4,5,4,4,4,4
2024-01-03 12:41:35,4,4,4,4,4,4,4,4,4,4,4,4,4,4,4,4,7,7,7,7,8,7,7,4,7,7,7,36,7,7,7,7,7,7,8,7,4,7,7,8,7,7,7,7,7,7,7,8,7,7,7,12,7,7,7,7,7,8,7,7,12,7,4,5,4,4,4,4
2024-01-03 12:41:40,4,4,4,4,4,4,4,4,4,4,4,4,4,4,4,4,7,7,7,7,8,7,7,4,7,7,7,36,7,7,7,7,7,7,8,7,4,7,7,8,7,7,7,7,7,7,7,8,7,7,7,12,7,7,7,7,7,8,7,7,12,7,4,5,4,4,4,4
2024-01-03 12:41:45,4,4,4,4,4,4,4,4,4,4,4,4,4,4,4,4,7,7,7,7,8,7,7,4,7,7,7,36,7,7,7,7,7,7,8,7,4,7,7,8,7,7,7,7,7,7,7,8,7,7,7,12,7,7,7,7,7,8,7,7,12,7,4,5,4,4,4,4
2024-01-03 12:41:50,4,4,4,4,4,4,4,4,4,4,4,4,4,4,4,4,7,7,7,7,8,7,7,4,7,7,7,36,7,7,7,7,7,7,8,7,4,7,7,8,7,7,7,7,7,7,7,8,7,7,7,12,7,7,7,7,7,8,7,7,12,7,4,5,4,4,4,4
2024-01-03 12:41:55,4,4,4,4,4,4,4,4,4,4,4,4,4,4,4,4,7,7,7,7,8,7,7,4,7,7,7,36,7,7,7,7,7,7,8,7,4,7,7,8,7,7,7,7,7,7,7,8,7,7,7,12,7,7,7,7,7,8,7,7,12,7,4,5,4,4,4,4
2024-01-03 12:42:00,4,4,4,4,4,4,4,4,4,4,4,4,4,4,4,4,7,7,7,7,8,7,7,4,7,7,7,36,7,7,7,7,7,7,8,7,4,7,7,8,7,7,7,7,7,7,7,8,7,7,7,12,7,7,7,7,7,8,7,7,12,7,4,5,4,4,4,4
2024-01-03 12:42:05,4,4,4,4,4,4,4,4,4,4,4,4,4,4,4,4,7,7,7,7,8,7,7,4,7,7,7,36,7,7,7,7,7,7,8,7,4,7,7,8,7,7,7,7,7,7,7,8,7,7,7,12,7,7,7,7,7,8,7,7,12,7,4,5,4,4,4,4
2024-01-03 12:42:10,4,4,4,4,4,4,4,4,4,4,4,4,4,4,4,4,7,7,7,7,8,7,7,4,7,7,7,36,7,7,7,7,7,7,8,7,4,7,7,8,7,7,7,7,7,7,7,8,7,7,7,12,7,7,7,7,7,8,7,7,12,7,4,5,4,4,4,4
2024-01-03 12:42:15,4,4,4,4,4,4,4,4,4,4,4,4,4,4,4,4,7,7,7,7,8,7,7,4,7,7,7,36,7,7,7,7,7,7,8,7,4,7,7,8,7,7,7,7,7,7,7,8,7,7,7,12,7,7,7,7,7,8,7,7,12,7,4,5,4,4,4,4
2024-01-03 12:42:20,4,4,4,4,4,4,4,4,4,4,4,4,4,4,4,4,7,7,7,7,8,7,7,4,7,7,7,36,7,7,7,7,7,7,8,7,4,7,7,8,7,7,7,7,7,7,7,8,7,7,7,12,7,7,7,7,7,8,7,7,12,7,4,5,4,4,4,4
2024-01-03 12:42:25,4,4,4,4,4,4,4,4,4,4,4,4,4,4,4,4,7,7,7,7,8,7,7,4,7,7,7,36,7,7,7,7,7,7,8,7,4,7,7,8,7,7,7,7,7,7,7,8,7,7,7,12,7,7,7,7,7,8,7,7,12,7,4,5,4,4,4,4
2024-01-03 12:42:30,4,4,4,4,4,4,4,4,4,4,4,4,4,4,4,4,7,7,7,7,8,7,7,4,7,7,7,36,7,7,7,7,7,7,8,7,4,7,7,8,7,7,7,7,7,7,7,8,7,7,7,12,7,7,7,7,7,8,7,7,12,7,4,5,4,4,4,4
2024-01-03 12:42:35,4,4,4,4,4,4,4,4,4,4,4,4,4,4,4,4,7,7,7,7,8,7,7,4,7,7,7,36,7,7,7,7,7,7,8,7,4,7,7,8,7,7,7,7,7,7,7,8,7,7,7,12,7,7,7,7,7,8,7,7,12,7,4,5,4,4,4,4
2024-01-03 12:42:40,4,4,4,4,4,4,4,4,4,4,4,4,4,4,4,4,7,7,7,7,8,7,7,4,7,7,7,36,7,7,7,7,7,7,8,7,4,7,7,8,7,7,7,7,7,7,7,8,7,7,7,12,7,7,7,7,7,8,7,7,12,7,4,5,4,4,4,4
2024-01-03 12:42:45,4,4,4,4,4,4,4,4,4,4,4,4,4,4,4,4,7,7,7,7,8,7,7,4,7,7,7,36,7,7,7,7,7,7,8,7,4,7,7,8,7,7,7,7,7,7,7,8,7,7,7,12,7,7,7,7,7,8,7,7,12,7,4,5,4,4,4,4
2024-01-03 12:42:50,4,4,4,4,4,4,4,4,4,4,4,4,4,4,4,4,7,7,7,7,8,7,7,4,7,7,7,36,7,7,7,7,7,7,8,7,4,7,7,8,7,7,7,7,7,7,7,8,7,7,7,12,7,7,7,7,7,8,7,7,12,7,4,5,4,4,4,4
2024-01-03 12:42:55,4,4,4,4,4,4,4,4,4,4,4,4,4,4,4,4,7,7,7,7,8,7,7,4,7,7,7,36,7,7,7,7,7,7,8,7,4,7,7,8,7,7,7,7,7,7,7,8,7,7,7,12,7,7,7,7,7,8,7,7,12,7,4,5,4,4,4,4
2024-01-03 12:43:00,4,4,4,4,4,4,4,4,4,4,4,4,4,4,4,4,7,7,7,7,8,7,7,4,7,7,7,36,7,7,7,7,7,7,8,7,4,7,7,8,7,7,7,7,7,7,7,8,7,7,7,12,7,7,7,7,7,8,7,7,12,7,4,5,4,4,4,4
2024-01-03 12:43:05,4,4,4,4,4,4,4,4,4,4,4,4,4,4,4,4,7,7,7,7,8,7,7,4,7,7,7,36,7,7,7,7,7,7,8,7,4,7,7,8,7,7,7,7,7,7,7,8,7,7,7,12,7,7,7,7,7,8,7,7,12,7,4,5,4,4,4,4
2024-01-03 12:43:10,4,4,4,4,4,4,4,4,4,4,4,4,4,4,4,4,7,7,7,7,8,7,7,4,7,7,7,36,7,7,7,7,7,7,8,7,4,7,7,8,7,7,7,7,7,7,7,8,7,7,7,12,7,7,7,7,7,8,7,7,12,7,4,5,4,4,4,4
2024-01-03 12:43:15,4,4,4,4,4,4,4,4,4,4,4,4,4,4,4,4,7,7,7,7,8,7,7,4,7,7,7,36,7,7,7,7,7,7,8,7,4,7,7,8,7,7,7,7,7,7,7,8,7,7,7,12,7,7,7,7,7,8,7,7,12,7,4,5,4,4,4,4
2024-01-03 12:43:20,4,4,4,4,4,4,4,4,4,4,4,4,4,4,4,4,7,7,7,7,8,7,7,4,7,7,7,36,7,7,7,7,7,7,8,7,4,7,7,8,7,7,7,7,7,7,7,8,7,7,7,12,7,7,7,7,7,8,7,7,12,7,4,5,4,4,4,4
2024-01-03 12:43:25,4,4,4,4,4,4,4,4,4,4,4,4,4,4,4,4,7,7,7,7,8,7,7,4,7,7,7,36,7,7,7,7,7,7,8,7,4,7,7,8,7,7,7,7,7,7,7,8,7,7,7,12,7,7,7,7,7,8,7,7,12,7,4,5,4,4,4,4
2024-01-03 12:43:30,4,4,4,4,4,4,4,4,4,4,4,4,4,4,4,4,7,7,7,7,8,7,7,4,7,7,7,36,7,7,7,7,7,7,8,7,4,7,7,8,7,7,7,7,7,7,7,8,7,7,7,12,7,7,7,7,7,8,7,7,12,7,4,5,4,4,4,4
2024-01-03 12:43:35,4,4,4,4,4,4,4,4,4,4,4,4,4,4,4,4,7,7,7,7,8,7,7,4,7,7,7,36,7,7,7,7,7,7,8,7,4,7,7,8,7,7,7,7,7,7,7,8,7,7,7,12,7,7,7,7,7,8,7,7,12,7,4,5,4,4,4,4
2024-01-03 12:43:40,4,4,4,4,4,4,4,4,4,4,4,4,4,4,4,4,7,7,7,7,8,7,7,4,7,7,7,36,7,7,7,7,7,7,8,7,4,7,7,8,7,7,7,7,7,7,7,8,7,7,7,12,7,7,7,7,7,8,7,7,12,7,4,5,4,4,4,4
2024-01-03 12:43:45,4,4,4,4,4,4,4,4,4,4,4,4,4,4,4,4,7,7,7,7,8,7,7,4,7,7,7,36,7,7,7,7,7,7,8,7,4,7,7,8,7,7,7,7,7,7,7,8,7,7,7,12,7,7,7,7,7,8,7,7,12,7,4,5,4,4,4,4
2024-01-03 12:43:50,4,4,4,4,4,4,4,4,4,4,4,4,4,4,4,4,7,7,7,7,8,7,7,4,7,7,7,36,7,7,7,7,7,7,8,7,4,7,7,8,7,7,7,7,7,7,7,8,7,7,7,12,7,7,7,7,7,8,7,7,12,7,4,5,4,4,4,4
2024-01-03 12:43:55,4,4,4,4,4,4,4,4,4,4,4,4,4,4,4,4,7,7,7,7,8,7,7,4,7,7,7,36,7,7,7,7,7,7,8,7,4,7,7,8,7,7,7,7,7,7,7,8,7,7,7,12,7,7,7,7,7,8,7,7,12,7,4,5,4,4,4,4
2024-01-03 12:44:00,4,4,4,4,4,4,4,4,4,4,4,4,4,4,4,4,7,7,7,7,8,7,7,4,7,7,7,36,7,7,7,7,7,7,8,7,4,7,7,8,7,7,7,7,7,7,7,8,7,7,7,12,7,7,7,7,7,8,7,7,12,7,4,5,4,4,4,4
2024-01-03 12:44:05,4,4,4,4,4,4,4,4,4,4,4,4,4,4,4,4,7,7,7,7,8,7,7,4,7,7,7,36,7,7,7,7,7,7,8,7,4,7,7,8,7,7,7,7,7,7,7,8,7,7,7,12,7,7,7,7,7,8,7,7,12,7,4,5,4,4,4,4
2024-01-03 12:44:10,4,4,4,4,4,4,4,4,4,4,4,4,4,4,4,4,7,7,7,7,8,7,7,4,7,7,7,36,7,7,7,7,7,7,8,7,4,7,7,8,7,7,7,7,7,7,7,8,7,7,7,12,7,7,7,7,7,8,7,7,12,7,4,5,4,4,4,4
2024-01-03 12:44:15,4,4,4,4,4,4,4,4,4,4,4,4,4,4,4,4,7,7,7,7,8,7,7,4,7,7,7,36,7,7,7,7,7,7,8,7,4,7,7,8,7,7,7,7,7,7,7,8,7,7,7,12,7,7,7,7,7,8,7,7,12,7,4,5,4,4,4,4
2024-01-03 12:44:20,4,4,4,4,4,4,4,4,4,4,4,4,4,4,4,4,7,7,7,7,8,7,7,4,7,7,7,36,7,7,7,7,7,7,8,7,4,7,7,8,7,7,7,7,7,7,7,8,7,7,7,12,7,7,7,7,7,8,7,7,12,7,4,5,4,4,4,4
2024-01-03 12:44:25,4,4,4,4,4,4,4,4,4,4,4,4,4,4,4,4,7,7,7,7,8,7,7,4,7,7,7,36,7,7,7,7,7,7,8,7,4,7,7,8,7,7,7,7,7,7,7,8,7,7,7,12,7,7,7,7,7,8,7,7,12,7,4,5,4,4,4,4
2024-01-03 12:44:30,4,4,4,4,4,4,4,4,4,4,4,4,4,4,4,4,7,7,7,7,8,7,7,4,7,7,7,36,7,7,7,7,7,7,8,7,4,7,7,8,7,7,7,7,7,7,7,8,7,7,7,12,7,7,7,7,7,8,7,7,12,7,4,5,4,4,4,4
2024-01-03 12:44:35,4,4,4,4,4,4,4,4,4,4,4,4,4,4,4,4,7,7,7,7,8,7,7,4,7,7,7,36,7,7,7,7,7,7,8,7,4,7,7,8,7,7,7,7,7,7,7,8,7,7,7,12,7,7,7,7,7,8,7,7,12,7,4,5,4,4,4,4
2024-01-03 12:44:40,4,4,4,4,4,4,4,4,4,4,4,4,4,4,4,4,7,7,7,7,8,7,7,4,7,7,7,36,7,7,7,7,7,7,8,7,4,7,7,8,7,7,7,7,7,7,7,8,7,7,7,12,7,7,7,7,7,8,7,7,12,7,4,5,4,4,4,4
2024-01-03 12:44:45,4,4,4,4,4,4,4,4,4,4,4,4,4,4,4,4,7,7,7,7,8,7,7,4,7,7,7,36,7,7,7,7,7,7,8,7,4,7,7,8,7,7,7,7,7,7,7,8,7,7,7,12,7,7,7,7,7,8,7,7,12,7,4,5,4,4,4,4
2024-01-03 12:44:50,4,4,4,4,4,4,4,4,4,4,4,4,4,4,4,4,7,7,7,7,8,7,7,4,7,7,7,36,7,7,7,7,7,7,8,7,4,7,7,8,7,7,7,7,7,7,7,8,7,7,7,12,7,7,7,7,7,8,7,7,12,7,4,5,4,4,4,4
2024-01-03 12:44:55,4,4,4,4,4,4,4,4,4,4,4,4,4,4,4,4,7,7,7,7,8,7,7,4,7,7,7,36,7,7,7,7,7,7,8,7,4,7,7,8,7,7,7,7,7,7,7,8,7,7,7,12,7,7,7,7,7,8,7,7,12,7,4,5,4,4,4,4
2024-01-03 12:45:00,4,4,4,4,4,4,4,4,4,4,4,4,4,4,4,4,7,7,7,7,8,7,7,4,7,7,7,36,7,7,7,7,7,7,8,7,4,7,7,8,7,7,7,7,7,7,7,8,7,7,7,12,7,7,7,7,7,8,7,7,12,7,4,5,4,4,4,4
2024-01-03 12:45:05,4,4,4,4,4,4,4,4,4,4,4,4,4,4,4,4,7,7,7,7,8,7,7,4,7,7,7,36,7,7,7,7,7,7,8,7,4,7,7,8,7,7,7,7,7,7,7,8,7,7,7,12,7,7,7,7,7,8,7,7,12,7,4,5,4,4,4,4
2024-01-03 12:45:10,4,4,4,4,4,4,4,4,4,4,4,4,4,4,4,4,7,7,7,7,8,7,7,4,7,7,7,36,7,7,7,7,7,7,8,7,4,7,7,8,7,7,7,7,7,7,7,8,7,7,7,12,7,7,7,7,7,8,7,7,12,7,4,5,4,4,4,4
2024-01-03 12:45:15,4,4,4,4,4,4,4,4,4,4,4,4,4,4,4,4,7,7,7,7,8,7,7,4,7,7,7,36,7,7,7,7,7,7,8,7,4,7,7,8,7,7,7,7,7,7,7,8,7,7,7,12,7,7,7,7,7,8,7,7,12,7,4,5,4,4,4,4
2024-01-03 12:45:20,4,4,4,4,4,4,4,4,4,4,4,4,4,4,4,4,7,7,7,7,8,7,7,4,7,7,7,36,7,7,7,7,7,7,8,7,4,7,7,8,7,7,7,7,7,7,7,8,7,7,7,12,7,7,7,7,7,8,7,7,12,7,4,5,4,4,4,4
2024-01-03 12:45:25,4,4,4,4,4,4,4,4,4,4,4,4,4,4,4,4,7,7,7,7,8,7,7,4,7,7,7,36,7,7,7,7,7,7,8,7,4,7,7,8,7,7,7,7,7,7,7,8,7,7,7,12,7,7,7,7,7,8,7,7,12,7,4,5,4,4,4,4
2024-01-03 12:45:30,4,4,4,4,4,4,4,4,4,4,4,4,4,4,4,4,7,7,7,7,8,7,7,4,7,7,7,36,7,7,7,7,7,7,8,7,4,7,7,8,7,7,7,7,7,7,7,8,7,7,7,12,7,7,7,7,7,8,7,7,12,7,4,5,4,4,4,4
2024-01-03 12:45:35,4,4,4,4,4,4,4,4,4,4,4,4,4,4,4,4,7,7,7,7,8,7,7,4,7,7,7,36,7,7,7,7,7,7,8,7,4,7,7,8,7,7,7,7,7,7,7,8,7,7,7,12,7,7,7,7,7,8,7,7,12,7,4,5,4,4,4,4
2024-01-03 12:45:40,4,4,4,4,4,4,4,4,4,4,4,4,4,4,4,4,7,7,7,7,8,7,7,4,7,7,7,36,7,7,7,7,7,7,8,7,4,7,7,8,7,7,7,7,7,7,7,8,7,7,7,12,7,7,7,7,7,8,7,7,12,7,4,5,4,4,4,4
2024-01-03 12:45:45,4,4,4,4,4,4,4,4,4,4,4,4,4,4,4,4,7,7,7,7,8,7,7,4,7,7,7,36,7,7,7,7,7,7,8,7,4,7,7,8,7,7,7,7,7,7,7,8,7,7,7,12,7,7,7,7,7,8,7,7,12,7,4,5,4,4,4,4
2024-01-03 12:45:50,4,4,4,4,4,4,4,4,4,4,4,4,4,4,4,4,7,7,7,7,8,7,7,4,7,7,7,36,7,7,7,7,7,7,8,7,4,7,7,8,7,7,7,7,7,7,7,8,7,7,7,12,7,7,7,7,7,8,7,7,12,7,4,5,4,4,4,4
2024-01-03 12:45:55,4,4,4,4,4,4,4,4,4,4,4,4,4,4,4,4,7,7,7,7,8,7,7,4,7,7,7,36,7,7,7,7,7,7,8,7,4,7,7,8,7,7,7,7,7,7,7,8,7,7,7,12,7,7,7,7,7,8,7,7,12,7,4,5,4,4,4,4
2024-01-03 12:46:00,4,4,4,4,4,4,4,4,4,4,4,4,4,4,4,4,7,7,7,7,8,7,7,4,7,7,7,36,7,7,7,7,7,7,8,7,4,7,7,8,7,7,7,7,7,7,7,8,7,7,7,12,7,7,7,7,7,8,7,7,12,7,4,5,4,4,4,4
2024-01-03 12:46:05,4,4,4,4,4,4,4,4,4,4,4,4,4,4,4,4,7,7,7,7,8,7,7,4,7,7,7,36,7,7,7,7,7,7,8,7,4,7,7,8,7,7,7,7,7,7,7,8,7,7,7,12,7,7,7,7,7,8,7,7,12,7,4,5,4,4,4,4
2024-01-03 12:46:10,4,4,4,4,4,4,4,4,4,4,4,4,4,4,4,4,7,7,7,7,8,7,7,4,7,7,7,36,7,7,7,7,7,7,8,7,4,7,7,8,7,7,7,7,7,7,7,8,7,7,7,12,7,7,7,7,7,8,7,7,12,7,4,5,4,4,4,4
2024-01-03 12:46:15,4,4,4,4,4,4,4,4,4,4,4,4,4,4,4,4,7,7,7,7,8,7,7,4,7,7,7,36,7,7,7,7,7,7,8,7,4,7,7,8,7,7,7,7,7,7,7,8,7,7,7,12,7,7,7,7,7,8,7,7,12,7,4,5,4,4,4,4
2024-01-03 12:46:20,4,4,4,4,4,4,4,4,4,4,4,4,4,4,4,4,7,7,7,7,8,7,7,4,7,7,7,36,7,7,7,7,7,7,8,7,4,7,7,8,7,7,7,7,7,7,7,8,7,7,7,12,7,7,7,7,7,8,7,7,12,7,4,5,4,4,4,4
2024-01-03 12:46:25,4,4,4,4,4,4,4,4,4,4,4,4,4,4,4,4,7,7,7,7,8,7,7,4,7,7,7,36,7,7,7,7,7,7,8,7,4,7,7,8,7,7,7,7,7,7,7,8,7,7,7,12,7,7,7,7,7,8,7,7,12,7,4,5,4,4,4,4
2024-01-03 12:46:30,4,4,4,4,4,4,4,4,4,4,4,4,4,4,4,4,7,7,7,7,8,7,7,4,7,7,7,36,7,7,7,7,7,7,8,7,4,7,7,8,7,7,7,7,7,7,7,8,7,7,7,12,7,7,7,7,7,8,7,7,12,7,4,5,4,4,4,4
2024-01-03 12:46:35,4,4,4,4,4,4,4,4,4,4,4,4,4,4,4,4,7,7,7,7,8,7,7,4,7,7,7,36,7,7,7,7,7,7,8,7,4,7,7,8,7,7,7,7,7,7,7,8,7,7,7,12,7,7,7,7,7,8,7,7,12,7,4,5,4,4,4,4
2024-01-03 12:46:40,4,4,4,4,4,4,4,4,4,4,4,4,4,4,4,4,7,7,7,7,8,7,7,4,7,7,7,36,7,7,7,7,7,7,8,7,4,7,7,8,7,7,7,7,7,7,7,8,7,7,7,12,7,7,7,7,7,8,7,7,12,7,4,5,4,4,4,4
2024-01-03 12:46:45,4,4,4,4,4,4,4,4,4,4,4,4,4,4,4,4,7,7,7,7,8,7,7,4,7,7,7,36,7,7,7,7,7,7,8,7,4,7,7,8,7,7,7,7,7,7,7,8,7,7,7,12,7,7,7,7,7,8,7,7,12,7,4,5,4,4,4,4
2024-01-03 12:46:50,4,4,4,4,4,4,4,4,4,4,4,4,4,4,4,4,7,7,7,7,8,7,7,4,7,7,7,36,7,7,7,7,7,7,8,7,4,7,7,8,7,7,7,7,7,7,7,8,7,7,7,12,7,7,7,7,7,8,7,7,12,7,4,5,4,4,4,4
2024-01-03 12:46:55,4,4,4,4,4,4,4,4,4,4,4,4,4,4,4,4,7,7,7,7,8,7,7,4,7,7,7,36,7,7,7,7,7,7,8,7,4,7,7,8,7,7,7,7,7,7,7,8,7,7,7,12,7,7,7,7,7,8,7,7,12,7,4,5,4,4,4,4
2024-01-03 12:47:00,4,4,4,4,4,4,4,4,4,4,4,4,4,4,4,4,7,7,7,7,8,7,7,4,7,7,7,36,7,7,7,7,7,7,8,7,4,7,7,8,7,7,7,7,7,7,7,8,7,7,7,12,7,7,7,7,7,8,7,7,12,7,4,5,4,4,4,4
2024-01-03 12:47:05,4,4,4,4,4,4,4,4,4,4,4,4,4,4,4,4,7,7,7,7,8,7,7,4,7,7,7,36,7,7,7,7,7,7,8,7,4,7,7,8,7,7,7,7,7,7,7,8,7,7,7,12,7,7,7,7,7,8,7,7,12,7,4,5,4,4,4,4
2024-01-03 12:47:10,4,4,4,4,4,4,4,4,4,4,4,4,4,4,4,4,7,7,7,7,8,7,7,4,7,7,7,36,7,7,7,7,7,7,8,7,4,7,7,8,7,7,7,7,7,7,7,8,7,7,7,12,7,7,7,7,7,8,7,7,12,7,4,5,4,4,4,4
2024-01-03 12:47:15,4,4,4,4,4,4,4,4,4,4,4,4,4,4,4,4,7,7,7,7,8,7,7,4,7,7,7,36,7,7,7,7,7,7,8,7,4,7,7,8,7,7,7,7,7,7,7,8,7,7,7,12,7,7,7,7,7,8,7,7,12,7,4,5,4,4,4,4
2024-01-03 12:47:20,4,4,4,4,4,4,4,4,4,4,4,4,4,4,4,4,7,7,7,7,8,7,7,4,7,7,7,36,7,7,7,7,7,7,8,7,4,7,7,8,7,7,7,7,7,7,7,8,7,7,7,12,7,7,7,7,7,8,7,7,12,7,4,5,4,4,4,4
2024-01-03 12:47:25,4,4,4,4,4,4,4,4,4,4,4,4,4,4,4,4,7,7,7,7,8,7,7,4,7,7,7,36,7,7,7,7,7,7,8,7,4,7,7,8,7,7,7,7,7,7,7,8,7,7,7,12,7,7,7,7,7,8,7,7,12,7,4,5,4,4,4,4
2024-01-03 12:47:30,4,4,4,4,4,4,4,4,4,4,4,4,4,4,4,4,7,7,7,7,8,7,7,4,7,7,7,36,7,7,7,7,7,7,8,7,4,7,7,8,7,7,7,7,7,7,7,8,7,7,7,12,7,7,7,7,7,8,7,7,12,7,4,5,4,4,4,4
2024-01-03 12:47:35,4,4,4,4,4,4,4,4,4,4,4,4,4,4,4,4,7,7,7,7,8,7,7,4,7,7,7,36,7,7,7,7,7,7,8,7,4,7,7,8,7,7,7,7,7,7,7,8,7,7,7,12,7,7,7,7,7,8,7,7,12,7,4,5,4,4,4,4
2024-01-03 12:47:40,4,4,4,4,4,4,4,4,4,4,4,4,4,4,4,4,7,7,7,7,8,7,7,4,7,7,7,36,7,7,7,7,7,7,8,7,4,7,7,8,7,7,7,7,7,7,7,8,7,7,7,12,7,7,7,7,7,8,7,7,12,7,4,5,4,4,4,4
2024-01-03 12:47:45,4,4,4,4,4,4,4,4,4,4,4,4,4,4,4,4,7,7,7,7,8,7,7,4,7,7,7,36,7,7,7,7,7,7,8,7,4,7,7,8,7,7,7,7,7,7,7,8,7,7,7,12,7,7,7,7,7,8,7,7,12,7,4,5,4,4,4,4
2024-01-03 12:47:50,4,4,4,4,4,4,4,4,4,4,4,4,4,4,4,4,7,7,7,7,8,7,7,4,7,7,7,37,7,7,7,7,7,7,8,7,4,7,7,8,7,7,7,7,7,7,7,8,7,7,7,12,7,7,7,7,7,8,7,7,12,7,4,5,4,4,4,4
2024-01-03 12:47:55,4,4,4,4,4,4,4,4,4,4,4,4,4,4,4,4,7,7,7,7,8,7,7,4,7,7,7,37,7,7,7,7,7,7,8,7,4,7,7,8,7,7,7,7,7,7,7,8,7,7,7,12,7,7,7,7,7,8,7,7,12,7,4,5,4,4,4,4
2024-01-03 12:48:00,4,4,4,4,4,4,4,4,4,4,4,4,4,4,4,4,7,7,7,7,8,7,7,4,7,7,7,37,7,7,7,7,7,7,8,7,4,7,7,8,7,7,7,7,7,7,7,8,7,7,7,12,7,7,7,7,7,8,7,7,12,7,4,5,4,4,4,4
2024-01-03 12:48:05,4,4,4,4,4,4,4,4,4,4,4,4,4,4,4,4,7,7,7,7,8,7,7,4,7,7,7,37,7,7,7,7,7,7,8,7,4,7,7,8,7,7,7,7,7,7,7,8,7,7,7,12,7,7,7,7,7,8,7,7,12,7,4,5,4,4,4,4
2024-01-03 12:48:10,4,4,4,4,4,4,4,4,4,4,4,4,4,4,4,4,7,7,7,7,8,7,7,4,7,7,7,37,7,7,7,7,7,7,8,7,4,7,7,8,7,7,7,7,7,7,7,8,7,7,7,12,7,7,7,7,7,8,7,7,12,7,4,5,4,4,4,4
2024-01-03 12:48:15,4,4,4,4,4,4,4,4,4,4,4,4,4,4,4,4,7,7,7,7,8,7,7,4,7,7,7,37,7,7,7,7,7,7,8,7,4,7,7,8,7,7,7,7,7,7,7,8,7,7,7,12,7,7,7,7,7,8,7,7,12,7,4,5,4,4,4,4
2024-01-03 12:48:20,4,4,4,4,4,4,4,4,4,4,4,4,4,4,4,4,7,7,7,7,8,7,7,4,7,7,7,37,7,7,7,7,7,7,8,7,4,7,7,8,7,7,7,7,7,7,7,8,7,7,7,12,7,7,7,7,7,8,7,7,12,7,4,5,4,4,4,4
2024-01-03 12:48:25,4,4,4,4,4,4,4,4,4,4,4,4,4,4,4,4,7,7,7,7,8,7,7,4,7,7,7,37,7,7,7,7,7,7,8,7,4,7,7,8,7,7,7,7,7,7,7,8,7,7,7,12,7,7,7,7,7,8,7,7,12,7,4,5,4,4,4,4
2024-01-03 12:48:30,4,4,4,4,4,4,4,4,4,4,4,4,4,4,4,4,7,7,7,7,8,7,7,4,7,7,7,37,7,7,7,7,7,7,8,7,4,7,7,8,7,7,7,7,7,7,7,8,7,7,7,12,7,7,7,7,7,8,7,7,12,7,4,5,4,4,4,4
2024-01-03 12:48:35,4,4,4,4,4,4,4,4,4,4,4,4,4,4,4,4,7,7,7,7,8,7,7,4,7,7,7,37,7,7,7,7,7,7,8,7,4,7,7,8,7,7,7,7,7,7,7,8,7,7,7,12,7,7,7,7,7,8,7,7,12,7,4,5,4,4,4,4
2024-01-03 12:48:40,4,4,4,4,4,4,4,4,4,4,4,4,4,4,4,4,7,7,7,7,8,7,7,4,7,7,7,37,7,7,7,7,7,7,8,7,4,7,7,8,7,7,7,7,7,7,7,8,7,7,7,12,7,7,7,7,7,8,7,7,12,7,4,5,4,4,4,4
2024-01-03 12:48:45,4,4,4,4,4,4,4,4,4,4,4,4,4,4,4,4,7,7,7,7,8,7,7,4,7,7,7,37,7,7,7,7,7,7,8,7,4,7,7,8,7,7,7,7,7,7,7,8,7,7,7,12,7,7,7,7,7,8,7,7,12,7,4,5,4,4,4,4
2024-01-03 12:48:50,4,4,4,4,4,4,4,4,4,4,4,4,4,4,4,4,7,7,7,7,8,7,7,4,7,7,7,37,7,7,7,7,7,7,8,7,4,7,7,8,7,7,7,7,7,7,7,8,7,7,7,12,7,7,7,7,7,8,7,7,12,7,4,5,4,4,4,4
2024-01-03 12:48:55,4,4,4,4,4,4,4,4,4,4,4,4,4,4,4,4,7,7,7,7,8,7,7,4,7,7,7,37,7,7,7,7,7,7,8,7,4,7,7,8,7,7,7,7,7,7,7,8,7,7,7,12,7,7,7,7,7,8,7,7,12,7,4,5,4,4,4,4
2024-01-03 12:49:00,4,4,4,4,4,4,4,4,4,4,4,4,4,4,4,4,7,7,7,7,8,7,7,4,7,7,7,37,7,7,7,7,7,7,8,7,4,7,7,8,7,7,7,7,7,7,7,8,7,7,7,12,7,7,7,7,7,8,7,7,12,7,4,5,4,4,4,4
2024-01-03 12:49:05,4,4,4,4,4,4,4,4,4,4,4,4,4,4,4,4,7,7,7,7,8,7,7,4,7,7,7,37,7,7,7,7,7,7,8,7,4,7,7,8,7,7,7,7,7,7,7,8,7,7,7,12,7,7,7,7,7,8,7,7,12,7,4,5,4,4,4,4
2024-01-03 12:49:10,4,4,4,4,4,4,4,4,4,4,4,4,4,4,4,4,7,7,7,7,8,7,7,4,7,7,7,37,7,7,7,7,7,7,8,7,4,7,7,8,7,7,7,7,7,7,7,8,7,7,7,12,7,7,7,7,7,8,7,7,12,7,4,5,4,4,4,4
2024-01-03 12:49:15,4,4,4,4,4,4,4,4,4,4,4,4,4,4,4,4,7,7,7,7,8,7,7,4,7,7,7,37,7,7,7,7,7,7,8,7,4,7,7,8,7,7,7,7,7,7,7,8,7,7,7,12,7,7,7,7,7,8,7,7,12,7,4,5,4,4,4,4
2024-01-03 12:49:20,4,4,4,4,4,4,4,4,4,4,4,4,4,4,4,4,7,7,7,7,8,7,7,4,7,7,7,37,7,7,7,7,7,7,8,7,4,7,7,8,7,7,7,7,7,7,7,8,7,7,7,12,7,7,7,7,7,8,7,7,12,7,4,5,4,4,4,4
2024-01-03 12:49:25,4,4,4,4,4,4,4,4,4,4,4,4,4,4,4,4,7,7,7,7,8,7,7,4,7,7,7,37,7,7,7,7,7,7,8,7,4,7,7,8,7,7,7,7,7,7,7,8,7,7,7,12,7,7,7,7,7,8,7,7,12,7,4,5,4,4,4,4
2024-01-03 12:49:30,4,4,4,4,4,4,4,4,4,4,4,4,4,4,4,4,7,7,7,7,8,7,7,4,7,7,7,37,7,7,7,7,7,7,8,7,4,7,7,8,7,7,7,7,7,7,7,8,7,7,7,12,7,7,7,7,7,8,7,7,12,7,4,5,4,4,4,4
2024-01-03 12:49:35,4,4,4,4,4,4,4,4,4,4,4,4,4,4,4,4,7,7,7,7,8,7,7,4,7,7,7,37,7,7,7,7,7,7,8,7,4,7,7,8,7,7,7,7,7,7,7,8,7,7,7,12,7,7,7,7,7,8,7,7,12,7,4,5,4,4,4,4
2024-01-03 12:49:40,4,4,4,4,4,4,4,4,4,4,4,4,4,4,4,4,7,7,7,7,8,7,7,4,7,7,7,37,7,7,7,7,7,7,8,7,4,7,7,8,7,7,7,7,7,7,7,8,7,7,7,12,7,7,7,7,7,8,7,7,12,7,4,5,4,4,4,4
2024-01-03 12:49:45,4,4,4,4,4,4,4,4,4,4,4,4,4,4,4,4,7,7,7,7,8,7,7,4,7,7,7,37,7,7,7,7,7,7,8,7,4,7,7,8,7,7,7,7,7,7,7,8,7,7,7,12,7,7,7,7,7,8,7,7,12,7,4,5,4,4,4,4
2024-01-03 12:49:50,4,4,4,4,4,4,4,4,4,4,4,4,4,4,4,4,7,7,7,7,8,7,7,4,7,7,7,37,7,7,7,7,7,7,8,7,4,7,7,8,7,7,7,7,7,7,7,8,7,7,7,12,7,7,7,7,7,8,7,7,12,7,4,5,4,4,4,4
2024-01-03 12:49:55,4,4,4,4,4,4,4,4,4,4,4,4,4,4,4,4,7,7,7,7,8,7,7,4,7,7,7,37,7,7,7,7,7,7,8,7,4,7,7,8,7,7,7,7,7,7,7,8,7,7,7,12,7,7,7,7,7,8,7,7,12,7,4,5,4,4,4,4
2024-01-03 12:50:00,4,4,4,4,4,4,4,4,4,4,4,4,4,4,4,4,7,7,7,7,8,7,7,4,7,7,7,37,7,7,7,7,7,7,8,7,4,7,7,8,7,7,7,7,7,7,7,8,7,7,7,12,7,7,7,7,7,8,7,7,12,7,4,5,4,4,4,4
2024-01-03 12:50:05,4,4,4,4,4,4,4,4,4,4,4,4,4,4,4,4,7,7,7,7,8,7,7,4,7,7,7,37,7,7,7,7,7,7,8,7,4,7,7,8,7,7,7,7,7,7,7,8,7,7,7,12,7,7,7,7,7,8,7,7,12,7,4,5,4,4,4,4
2024-01-03 12:50:10,4,4,4,4,4,4,4,4,4,4,4,4,4,4,4,4,7,7,7,7,8,7,7,4,7,7,7,37,7,7,7,7,7,7,8,7,4,7,7,8,7,7,7,7,7,7,7,8,7,7,7,12,7,7,7,7,7,8,7,7,12,7,4,5,4,4,4,4
2024-01-03 12:50:15,4,4,4,4,4,4,4,4,4,4,4,4,4,4,4,4,7,7,7,7,8,7,7,4,7,7,7,37,7,7,7,7,7,7,8,7,4,7,7,8,7,7,7,7,7,7,7,8,7,7,7,12,7,7,7,7,7,8,7,7,12,7,4,5,4,4,4,4
2024-01-03 12:50:20,4,4,4,4,4,4,4,4,4,4,4,4,4,4,4,4,7,7,7,7,8,7,7,4,7,7,7,37,7,7,7,7,7,7,8,7,4,7,7,8,7,7,7,7,7,7,7,8,7,7,7,12,7,7,7,7,7,8,7,7,12,7,4,5,4,4,4,4
2024-01-03 12:50:25,4,4,4,4,4,4,4,4,4,4,4,4,4,4,4,4,7,7,7,7,8,7,7,4,7,7,7,37,7,7,7,7,7,7,8,7,4,7,7,8,7,7,7,7,7,7,7,8,7,7,7,12,7,7,7,7,7,8,7,7,12,7,4,5,4,4,4,4
2024-01-03 12:50:30,4,4,4,4,4,4,4,4,4,4,4,4,4,4,4,4,7,7,7,7,8,7,7,4,7,7,7,37,7,7,7,7,7,7,8,7,4,7,7,8,7,7,7,7,7,7,7,8,7,7,7,12,7,7,7,7,7,8,7,7,12,7,4,5,4,4,4,4
2024-01-03 12:50:35,4,4,4,4,4,4,4,4,4,4,4,4,4,4,4,4,7,7,7,7,8,7,7,4,7,7,7,37,7,7,7,7,7,7,8,7,4,7,7,8,7,7,7,7,7,7,7,8,7,7,7,12,7,7,7,7,7,8,7,7,12,7,4,5,4,4,4,4
2024-01-03 12:50:40,4,4,4,4,4,4,4,4,4,4,4,4,4,4,4,4,7,7,7,7,8,7,7,4,7,7,7,37,7,7,7,7,7,7,8,7,4,7,7,8,7,7,7,7,7,7,7,8,7,7,7,12,7,7,7,7,7,8,7,7,12,7,4,5,4,4,4,4
2024-01-03 12:50:45,4,4,4,4,4,4,4,4,4,4,4,4,4,4,4,4,7,7,7,7,8,7,7,4,7,7,7,37,7,7,7,7,7,7,8,7,4,7,7,8,7,7,7,7,7,7,7,8,7,7,7,12,7,7,7,7,7,8,7,7,12,7,4,5,4,4,4,4
2024-01-03 12:50:50,4,4,4,4,4,4,4,4,4,4,4,4,4,4,4,4,7,7,7,7,8,7,7,4,7,7,7,37,7,7,7,7,7,7,8,7,4,7,7,8,7,7,7,7,7,7,7,8,7,7,7,12,7,7,7,7,7,8,7,7,12,7,4,5,4,4,4,4
2024-01-03 12:50:55,4,4,4,4,4,4,4,4,4,4,4,4,4,4,4,4,7,7,7,7,8,7,7,4,7,7,7,37,7,7,7,7,7,7,8,7,4,7,7,8,7,7,7,7,7,7,7,8,7,7,7,12,7,7,7,7,7,8,7,7,12,7,4,5,4,4,4,4
2024-01-03 12:51:00,4,4,4,4,4,4,4,4,4,4,4,4,4,4,4,4,7,7,7,7,8,7,7,4,7,7,7,37,7,7,7,7,7,7,8,7,4,7,7,8,7,7,7,7,7,7,7,8,7,7,7,12,7,7,7,7,7,8,7,7,12,7,4,5,4,4,4,4
2024-01-03 12:51:05,4,4,4,4,4,4,4,4,4,4,4,4,4,4,4,4,7,7,7,7,8,7,7,4,7,7,7,37,7,7,7,7,7,7,8,7,4,7,7,8,7,7,7,7,7,7,7,8,7,7,7,12,7,7,7,7,7,8,7,7,12,7,4,5,4,4,4,4
2024-01-03 12:51:10,4,4,4,4,4,4,4,4,4,4,4,4,4,4,4,4,7,7,7,7,8,7,7,4,7,7,7,37,7,7,7,7,7,7,8,7,4,7,7,8,7,7,7,7,7,7,7,8,7,7,7,12,7,7,7,7,7,8,7,7,12,7,4,5,4,4,4,4
2024-01-03 12:51:15,4,4,4,4,4,4,4,4,4,4,4,4,4,4,4,4,7,7,7,7,8,7,7,4,7,7,7,37,7,7,7,7,7,7,8,7,4,7,7,8,7,7,7,7,7,7,7,8,7,7,7,12,7,7,7,7,7,8,7,7,12,7,4,5,4,4,4,4
2024-01-03 12:51:20,4,4,4,4,4,4,4,4,4,4,4,4,4,4,4,4,7,7,7,7,8,7,7,4,7,7,7,37,7,7,7,7,7,7,8,7,4,7,7,8,7,7,7,7,7,7,7,8,7,7,7,12,7,7,7,7,7,8,7,7,12,7,4,5,4,4,4,4
2024-01-03 12:51:25,4,4,4,4,4,4,4,4,4,4,4,4,4,4,4,4,7,7,7,7,8,7,7,4,7,7,7,37,7,7,7,7,7,7,8,7,4,7,7,8,7,7,7,7,7,7,7,8,7,7,7,12,7,7,7,7,7,8,7,7,12,7,4,5,4,4,4,4
2024-01-03 12:51:30,4,4,4,4,4,4,4,4,4,4,4,4,4,4,4,4,7,7,7,7,8,7,7,4,7,7,7,37,7,7,7,7,7,7,8,7,4,7,7,8,7,7,7,7,7,7,7,8,7,7,7,12,7,7,7,7,7,8,7,7,12,7,4,5,4,4,4,4
2024-01-03 12:51:35,4,4,4,4,4,4,4,4,4,4,4,4,4,4,4,4,7,7,7,7,8,7,7,4,7,7,7,37,7,7,7,7,7,7,8,7,4,7,7,8,7,7,7,7,7,7,7,8,7,7,7,12,7,7,7,7,7,8,7,7,12,7,4,5,4,4,4,4
2024-01-03 12:51:40,4,4,4,4,4,4,4,4,4,4,4,4,4,4,4,4,7,7,7,7,8,7,7,4,7,7,7,37,7,7,7,7,7,7,8,7,4,7,7,8,7,7,7,7,7,7,7,8,7,7,7,12,7,7,7,7,7,8,7,7,12,7,4,5,4,4,4,4
2024-01-03 12:51:45,4,4,4,4,4,4,4,4,4,4,4,4,4,4,4,4,7,7,7,7,8,7,7,4,7,7,7,37,7,7,7,7,7,7,8,7,4,7,7,8,7,7,7,7,7,7,7,8,7,7,7,12,7,7,7,7,7,8,7,7,12,7,4,5,4,4,4,4
2024-01-03 12:51:50,4,4,4,4,4,4,4,4,4,4,4,4,4,4,4,4,7,7,7,7,8,7,7,4,7,7,7,37,7,7,7,7,7,7,8,7,4,7,7,8,7,7,7,7,7,7,7,8,7,7,7,12,7,7,7,7,7,8,7,7,12,7,4,5,4,4,4,4
2024-01-03 12:51:55,4,4,4,4,4,4,4,4,4,4,4,4,4,4,4,4,7,7,7,7,8,7,7,4,7,7,7,37,7,7,7,7,7,7,8,7,4,7,7,8,7,7,7,7,7,7,7,8,7,7,7,12,7,7,7,7,7,8,7,7,12,7,4,5,4,4,4,4
2024-01-03 12:52:00,4,4,4,4,4,4,4,4,4,4,4,4,4,4,4,4,7,7,7,7,8,7,7,4,7,7,7,37,7,7,7,7,7,7,8,7,4,7,7,8,7,7,7,7,7,7,7,8,7,7,7,12,7,7,7,7,7,8,7,7,12,7,4,5,4,4,4,4
2024-01-03 12:52:05,4,4,4,4,4,4,4,4,4,4,4,4,4,4,4,4,7,7,7,7,8,7,7,4,7,7,7,37,7,7,7,7,7,7,8,7,4,7,7,8,7,7,7,7,7,7,7,8,7,7,7,12,7,7,7,7,7,8,7,7,12,7,4,5,4,4,4,4
2024-01-03 12:52:10,4,4,4,4,4,4,4,4,4,4,4,4,4,4,4,4,7,7,7,7,8,7,7,4,7,7,7,37,7,7,7,7,7,7,8,7,4,7,7,8,7,7,7,7,7,7,7,8,7,7,7,12,7,7,7,7,7,8,7,7,12,7,4,5,4,4,4,4
2024-01-03 12:52:15,4,4,4,4,4,4,4,4,4,4,4,4,4,4,4,4,7,7,7,7,8,7,7,4,7,7,7,37,7,7,7,7,7,7,8,7,4,7,7,8,7,7,7,7,7,7,7,8,7,7,7,12,7,7,7,7,7,8,7,7,12,7,4,5,4,4,4,4
2024-01-03 12:52:20,4,4,4,4,4,4,4,4,4,4,4,4,4,4,4,4,7,7,7,7,8,7,7,4,7,7,7,37,7,7,7,7,7,7,8,7,4,7,7,8,7,7,7,7,7,7,7,8,7,7,7,12,7,7,7,7,7,8,7,7,12,7,4,5,4,4,4,4
2024-01-03 12:52:25,4,4,4,4,4,4,4,4,4,4,4,4,4,4,4,4,7,7,7,7,8,7,7,4,7,7,7,37,7,7,7,7,7,7,8,7,4,7,7,8,7,7,7,7,7,7,7,8,7,7,7,12,7,7,7,7,7,8,7,7,12,7,4,5,4,4,4,4
2024-01-03 12:52:30,4,4,4,4,4,4,4,4,4,4,4,4,4,4,4,4,7,7,7,7,8,7,7,4,7,7,7,37,7,7,7,7,7,7,8,7,4,7,7,8,7,7,7,7,7,7,7,8,7,7,7,12,7,7,7,7,7,8,7,7,12,7,4,5,4,4,4,4
2024-01-03 12:52:35,4,4,4,4,4,4,4,4,4,4,4,4,4,4,4,4,7,7,7,7,8,7,7,4,7,7,7,37,7,7,7,7,7,7,8,7,4,7,7,8,7,7,7,7,7,7,7,8,7,7,7,12,7,7,7,7,7,8,7,7,12,7,4,5,4,4,4,4
2024-01-03 12:52:40,4,4,4,4,4,4,4,4,4,4,4,4,4,4,4,4,7,7,7,7,8,7,7,4,7,7,7,37,7,7,7,7,7,7,8,7,4,7,7,8,7,7,7,7,7,7,7,8,7,7,7,12,7,7,7,7,7,8,7,7,12,7,4,5,4,4,4,4
2024-01-03 12:52:45,4,4,4,4,4,4,4,4,4,4,4,4,4,4,4,4,7,7,7,7,8,7,7,4,7,7,7,37,7,7,7,7,7,7,8,7,4,7,7,8,7,7,7,7,7,7,7,8,7,7,7,12,7,7,7,7,7,8,7,7,12,7,4,5,4,4,4,4
2024-01-03 12:52:50,4,4,4,4,4,4,4,4,4,4,4,4,4,4,4,4,7,7,7,7,8,7,7,4,7,7,7,37,7,7,7,7,7,7,8,7,4,7,7,8,7,7,7,7,7,7,7,8,7,7,7,12,7,7,7,7,7,8,7,7,12,7,4,5,4,4,4,4
2024-01-03 12:52:55,4,4,4,4,4,4,4,4,4,4,4,4,4,4,4,4,7,7,7,7,8,7,7,4,7,7,7,37,7,7,7,7,7,7,8,7,4,7,7,8,7,7,7,7,7,7,7,8,7,7,7,12,7,7,7,7,7,8,7,7,12,7,4,5,4,4,4,4
2024-01-03 12:53:00,4,4,4,4,4,4,4,4,4,4,4,4,4,4,4,4,7,7,7,7,8,7,7,4,7,7,7,37,7,7,7,7,7,7,8,7,4,7,7,8,7,7,7,7,7,7,7,8,7,7,7,12,7,7,7,7,7,8,7,7,12,7,4,5,4,4,4,4
2024-01-03 12:53:05,4,4,4,4,4,4,4,4,4,4,4,4,4,4,4,4,7,7,7,7,8,7,7,4,7,7,7,37,7,7,7,7,7,7,8,7,4,7,7,8,7,7,7,7,7,7,7,8,7,7,7,12,7,7,7,7,7,8,7,7,12,7,4,5,4,4,4,4
2024-01-03 12:53:10,4,4,4,4,4,4,4,4,4,4,4,4,4,4,4,4,7,7,7,7,8,7,7,4,7,7,7,37,7,7,7,7,7,7,8,7,4,7,7,8,7,7,7,7,7,7,7,8,7,7,7,12,7,7,7,7,7,8,7,7,12,7,4,5,4,4,4,4
2024-01-03 12:53:15,4,4,4,4,4,4,4,4,4,4,4,4,4,4,4,4,7,7,7,7,8,7,7,4,7,7,7,37,7,7,7,7,7,7,8,7,4,7,7,8,7,7,7,7,7,7,7,8,7,7,7,12,7,7,7,7,7,8,7,7,12,7,4,5,4,4,4,4
2024-01-03 12:53:20,4,4,4,4,4,4,4,4,4,4,4,4,4,4,4,4,7,7,7,7,8,7,7,4,7,7,7,37,7,7,7,7,7,7,8,7,4,7,7,8,7,7,7,7,7,7,7,8,7,7,7,12,7,7,7,7,7,8,7,7,12,7,4,5,4,4,4,4
2024-01-03 12:53:25,4,4,4,4,4,4,4,4,4,4,4,4,4,4,4,4,7,7,7,7,8,7,7,4,7,7,7,37,7,7,7,7,7,7,8,7,4,7,7,8,7,7,7,7,7,7,7,8,7,7,7,12,7,7,7,7,7,8,7,7,12,7,4,5,4,4,4,4
2024-01-03 12:53:30,4,4,4,4,4,4,4,4,4,4,4,4,4,4,4,4,7,7,7,7,8,7,7,4,7,7,7,37,7,7,7,7,7,7,8,7,4,7,7,8,7,7,7,7,7,7,7,8,7,7,7,12,7,7,7,7,7,8,7,7,12,7,4,5,4,4,4,4
2024-01-03 12:53:35,4,4,4,4,4,4,4,4,4,4,4,4,4,4,4,4,7,7,7,7,8,7,7,4,7,7,7,37,7,7,7,7,7,7,8,7,4,7,7,8,7,7,7,7,7,7,7,8,7,7,7,12,7,7,7,7,7,8,7,7,12,7,4,5,4,4,4,4
2024-01-03 12:53:40,4,4,4,4,4,4,4,4,4,4,4,4,4,4,4,4,7,7,7,7,8,7,7,4,7,7,7,37,7,7,7,7,7,7,8,7,4,7,7,8,7,7,7,7,7,7,7,8,7,7,7,12,7,7,7,7,7,8,7,7,12,7,4,5,4,4,4,4
2024-01-03 12:53:45,4,4,4,4,4,4,4,4,4,4,4,4,4,4,4,4,7,7,7,7,8,7,7,4,7,7,7,37,7,7,7,7,7,7,8,7,4,7,7,8,7,7,7,7,7,7,7,8,7,7,7,12,7,7,7,7,7,8,7,7,12,7,4,5,4,4,4,4
2024-01-03 12:53:50,4,4,4,4,4,4,4,4,4,4,4,4,4,4,4,4,7,7,7,7,8,7,7,4,7,7,7,37,7,7,7,7,7,7,8,7,4,7,7,8,7,7,7,7,7,7,7,8,7,7,7,12,7,7,7,7,7,8,7,7,12,7,4,5,4,4,4,4
2024-01-03 12:53:55,4,4,4,4,4,4,4,4,4,4,4,4,4,4,4,4,7,7,7,7,8,7,7,4,7,7,7,37,7,7,7,7,7,7,8,7,4,7,7,8,7,7,7,7,7,7,7,8,7,7,7,12,7,7,7,7,7,8,7,7,12,7,4,5,4,4,4,4
2024-01-03 12:54:00,4,4,4,4,4,4,4,4,4,4,4,4,4,4,4,4,7,7,7,7,8,7,7,4,7,7,7,37,7,7,7,7,7,7,8,7,4,7,7,8,7,7,7,7,7,7,7,8,7,7,7,12,7,7,7,7,7,8,7,7,12,7,4,5,4,4,4,4
2024-01-03 12:54:05,4,4,4,4,4,4,4,4,4,4,4,4,4,4,4,4,7,7,7,7,8,7,7,4,7,7,7,38,7,7,7,7,7,7,8,7,4,7,7,8,7,7,7,7,7,7,7,8,7,7,7,12,7,7,7,7,7,8,7,7,12,7,4,5,4,4,4,4
2024-01-03 12:54:10,4,4,4,4,4,4,4,4,4,4,4,4,4,4,4,4,7,7,7,7,8,7,7,4,7,7,7,38,7,7,7,7,7,7,8,7,4,7,7,8,7,7,7,7,7,7,7,8,7,7,7,12,7,7,7,7,7,8,7,7,12,7,4,5,4,4,4,4
2024-01-03 12:54:15,4,4,4,4,4,4,4,4,4,4,4,4,4,4,4,4,7,7,7,7,8,7,7,4,7,7,7,38,7,7,7,7,7,7,8,7,4,7,7,8,7,7,7,7,7,7,7,8,7,7,7,12,7,7,7,7,7,8,7,7,12,7,4,5,4,4,4,4
2024-01-03 12:54:20,4,4,4,4,4,4,4,4,4,4,4,4,4,4,4,4,7,7,7,7,8,7,7,4,7,7,7,38,7,7,7,7,7,7,8,7,4,7,7,8,7,7,7,7,7,7,7,8,7,7,7,12,7,7,7,7,7,8,7,7,12,7,4,5,4,4,4,4
2024-01-03 12:54:25,4,4,4,4,4,4,4,4,4,4,4,4,4,4,4,4,7,7,7,7,8,7,7,4,7,7,7,38,7,7,7,7,7,7,8,7,4,7,7,8,7,7,7,7,7,7,7,8,7,7,7,12,7,7,7,7,7,8,7,7,12,7,4,5,4,4,4,4
2024-01-03 12:54:30,4,4,4,4,4,4,4,4,4,4,4,4,4,4,4,4,7,7,7,7,8,7,7,4,7,7,7,38,7,7,7,7,7,7,8,7,4,7,7,8,7,7,7,7,7,7,7,8,7,7,7,12,7,7,7,7,7,8,7,7,12,7,4,5,4,4,4,4
2024-01-03 12:54:35,4,4,4,4,4,4,4,4,4,4,4,4,4,4,4,4,7,7,7,7,8,7,7,4,7,7,7,38,7,7,7,7,7,7,8,7,4,7,7,8,7,7,7,7,7,7,7,8,7,7,7,12,7,7,7,7,7,8,7,7,12,7,4,5,4,4,4,4
2024-01-03 12:54:40,4,4,4,4,4,4,4,4,4,4,4,4,4,4,4,4,7,7,7,7,8,7,7,4,7,7,7,38,7,7,7,7,7,7,8,7,4,7,7,8,7,7,7,7,7,7,7,8,7,7,7,12,7,7,7,7,7,8,7,7,12,7,4,5,4,4,4,4
2024-01-03 12:54:45,4,4,4,4,4,4,4,4,4,4,4,4,4,4,4,4,7,7,7,7,8,7,7,4,7,7,7,38,7,7,7,7,7,7,8,7,4,7,7,8,7,7,7,7,7,7,7,8,7,7,7,12,7,7,7,7,7,8,7,7,12,7,4,5,4,4,4,4
2024-01-03 12:54:50,4,4,4,4,4,4,4,4,4,4,4,4,4,4,4,4,7,7,7,7,8,7,7,4,7,7,7,38,7,7,7,7,7,7,8,7,4,7,7,8,7,7,7,7,7,7,7,8,7,7,7,12,7,7,7,7,7,8,7,7,12,7,4,5,4,4,4,4
2024-01-03 12:54:55,4,4,4,4,4,4,4,4,4,4,4,4,4,4,4,4,7,7,7,7,8,7,7,4,7,7,7,38,7,7,7,7,7,7,8,7,4,7,7,8,7,7,7,7,7,7,7,8,7,7,7,12,7,7,7,7,7,8,7,7,12,7,4,5,4,4,4,4
2024-01-03 12:55:00,4,4,4,4,4,4,4,4,4,4,4,4,4,4,4,4,7,7,7,7,8,7,7,4,7,7,7,38,7,7,7,7,7,7,8,7,4,7,7,8,7,7,7,7,7,7,7,8,7,7,7,12,7,7,7,7,7,8,7,7,12,7,4,5,4,4,4,4
2024-01-03 12:55:05,4,4,4,4,4,4,4,4,4,4,4,4,4,4,4,4,7,7,7,7,8,7,7,4,7,7,7,38,7,7,7,7,7,7,8,7,4,7,7,8,7,7,7,7,7,7,7,8,7,7,7,12,7,7,7,7,7,8,7,7,12,7,4,5,4,4,4,4
2024-01-03 12:55:10,4,4,4,4,4,4,4,4,4,4,4,4,4,4,4,4,7,7,7,7,8,7,7,4,7,7,7,38,7,7,7,7,7,7,8,7,4,7,7,8,7,7,7,7,7,7,7,8,7,7,7,12,7,7,7,7,7,8,7,7,12,7,4,5,4,4,4,4
2024-01-03 12:55:15,4,4,4,4,4,4,4,4,4,4,4,4,4,4,4,4,7,7,7,7,8,7,7,4,7,7,7,38,7,7,7,7,7,7,8,7,4,7,7,8,7,7,7,7,7,7,7,8,7,7,7,12,7,7,7,7,7,8,7,7,12,7,4,5,4,4,4,4
2024-01-03 12:55:20,4,4,4,4,4,4,4,4,4,4,4,4,4,4,4,4,7,7,7,7,8,7,7,4,7,7,7,38,7,7,7,7,7,7,8,7,4,7,7,8,7,7,7,7,7,7,7,8,7,7,7,12,7,7,7,7,7,8,7,7,12,7,4,5,4,4,4,4
2024-01-03 12:55:25,4,4,4,4,4,4,4,4,4,4,4,4,4,4,4,4,7,7,7,7,8,7,7,4,7,7,7,38,7,7,7,7,7,7,8,7,4,7,7,8,7,7,7,7,7,7,7,8,7,7,7,12,7,7,7,7,7,8,7,7,12,7,4,5,4,4,4,4
2024-01-03 12:55:30,4,4,4,4,4,4,4,4,4,4,4,4,4,4,4,4,7,7,7,7,8,7,7,4,7,7,7,38,7,7,7,7,7,7,8,7,4,7,7,8,7,7,7,7,7,7,7,8,7,7,7,12,7,7,7,7,7,8,7,7,12,7,4,5,4,4,4,4
2024-01-03 12:55:35,4,4,4,4,4,4,4,4,4,4,4,4,4,4,4,4,7,7,7,7,8,7,7,4,7,7,7,38,7,7,7,7,7,7,8,7,4,7,7,8,7,7,7,7,7,7,7,8,7,7,7,12,7,7,7,7,7,8,7,7,12,7,4,5,4,4,4,4
2024-01-03 12:55:40,4,4,4,4,4,4,4,4,4,4,4,4,4,4,4,4,7,7,7,7,8,7,7,4,7,7,7,38,7,7,7,7,7,7,8,7,4,7,7,8,7,7,7,7,7,7,7,8,7,7,7,12,7,7,7,7,7,8,7,7,12,7,4,5,4,4,4,4
2024-01-03 12:55:45,4,4,4,4,4,4,4,4,4,4,4,4,4,4,4,4,7,7,7,7,8,7,7,4,7,7,7,38,7,7,7,7,7,7,8,7,4,7,7,8,7,7,7,7,7,7,7,8,7,7,7,12,7,7,7,7,7,8,7,7,12,7,4,5,4,4,4,4
2024-01-03 12:55:50,4,4,4,4,4,4,4,4,4,4,4,4,4,4,4,4,7,7,7,7,8,7,7,4,7,7,7,38,7,7,7,7,7,7,8,7,4,7,7,8,7,7,7,7,7,7,7,8,7,7,7,12,7,7,7,7,7,8,7,7,12,7,4,5,4,4,4,4
2024-01-03 12:55:55,4,4,4,4,4,4,4,4,4,4,4,4,4,4,4,4,7,7,7,7,8,7,7,4,7,7,7,38,7,7,7,7,7,7,8,7,4,7,7,8,7,7,7,7,7,7,7,8,7,7,7,12,7,7,7,7,7,8,7,7,12,7,4,5,4,4,4,4
2024-01-03 12:56:00,4,4,4,4,4,4,4,4,4,4,4,4,4,4,4,4,7,7,7,7,8,7,7,4,7,7,7,38,7,7,7,7,7,7,8,7,4,7,7,8,7,7,7,7,7,7,7,8,7,7,7,12,7,7,7,7,7,8,7,7,12,7,4,5,4,4,4,4
2024-01-03 12:56:05,4,4,4,4,4,4,4,4,4,4,4,4,4,4,4,4,7,7,7,7,8,7,7,4,7,7,7,38,7,7,7,7,7,7,8,7,4,7,7,8,7,7,7,7,7,7,7,8,7,7,7,12,7,7,7,7,7,8,7,7,12,7,4,5,4,4,4,4
2024-01-03 12:56:10,4,4,4,4,4,4,4,4,4,4,4,4,4,4,4,4,7,7,7,7,8,7,7,4,7,7,7,38,7,7,7,7,7,7,8,7,4,7,7,8,7,7,7,7,7,7,7,8,7,7,7,12,7,7,7,7,7,8,7,7,12,7,4,5,4,4,4,4
2024-01-03 12:56:15,4,4,4,4,4,4,4,4,4,4,4,4,4,4,4,4,7,7,7,7,8,7,7,4,7,7,7,38,7,7,7,7,7,7,8,7,4,7,7,8,7,7,7,7,7,7,7,8,7,7,7,12,7,7,7,7,7,8,7,7,12,7,4,5,4,4,4,4
2024-01-03 12:56:20,4,4,4,4,4,4,4,4,4,4,4,4,4,4,4,4,7,7,7,7,8,7,7,4,7,7,7,38,7,7,7,7,7,7,8,7,4,7,7,8,7,7,7,7,7,7,7,8,7,7,7,12,7,7,7,7,7,8,7,7,12,7,4,5,4,4,4,4
2024-01-03 12:56:25,4,4,4,4,4,4,4,4,4,4,4,4,4,4,4,4,7,7,7,7,8,7,7,4,7,7,7,38,7,7,7,7,7,7,8,7,4,7,7,8,7,7,7,7,7,7,7,8,7,7,7,12,7,7,7,7,7,8,7,7,12,7,4,5,4,4,4,4
2024-01-03 12:56:30,4,4,4,4,4,4,4,4,4,4,4,4,4,4,4,4,7,7,7,7,8,7,7,4,7,7,7,38,7,7,7,7,7,7,8,7,4,7,7,8,7,7,7,7,7,7,7,8,7,7,7,12,7,7,7,7,7,8,7,7,12,7,4,5,4,4,4,4
2024-01-03 12:56:35,4,4,4,4,4,4,4,4,4,4,4,4,4,4,4,4,7,7,7,7,8,7,7,4,7,7,7,38,7,7,7,7,7,7,8,7,4,7,7,8,7,7,7,7,7,7,7,8,7,7,7,12,7,7,7,7,7,8,7,7,12,7,4,5,4,4,4,4
2024-01-03 12:56:40,4,4,4,4,4,4,4,4,4,4,4,4,4,4,4,4,7,7,7,7,8,7,7,4,7,7,7,38,7,7,7,7,7,7,8,7,4,7,7,8,7,7,7,7,7,7,7,8,7,7,7,12,7,7,7,7,7,8,7,7,12,7,4,5,4,4,4,4
2024-01-03 12:56:45,4,4,4,4,4,4,4,4,4,4,4,4,4,4,4,4,7,7,7,7,8,7,7,4,7,7,7,38,7,7,7,7,7,7,8,7,4,7,7,8,7,7,7,7,7,7,7,8,7,7,7,12,7,7,7,7,7,8,7,7,12,7,4,5,4,4,4,4
2024-01-03 12:56:50,4,4,4,4,4,4,4,4,4,4,4,4,4,4,4,4,7,7,7,7,8,7,7,4,7,7,7,38,7,7,7,7,7,7,8,7,4,7,7,8,7,7,7,7,7,7,7,8,7,7,7,12,7,7,7,7,7,8,7,7,12,7,4,5,4,4,4,4
2024-01-03 12:56:55,4,4,4,4,4,4,4,4,4,4,4,4,4,4,4,4,7,7,7,7,8,7,7,4,7,7,7,38,7,7,7,7,7,7,8,7,4,7,7,8,7,7,7,7,7,7,7,8,7,7,7,12,7,7,7,7,7,8,7,7,12,7,4,5,4,4,4,4
2024-01-03 12:57:00,4,4,4,4,4,4,4,4,4,4,4,4,4,4,4,4,7,7,7,7,8,7,7,4,7,7,7,38,7,7,7,7,7,7,8,7,4,7,7,8,7,7,7,7,7,7,7,8,7,7,7,12,7,7,7,7,7,8,7,7,12,7,4,5,4,4,4,4
2024-01-03 12:57:05,4,4,4,4,4,4,4,4,4,4,4,4,4,4,4,4,7,7,7,7,8,7,7,4,7,7,7,38,7,7,7,7,7,7,8,7,4,7,7,8,7,7,7,7,7,7,7,8,7,7,7,12,7,7,7,7,7,8,7,7,12,7,4,5,4,4,4,4
2024-01-03 12:57:10,4,4,4,4,4,4,4,4,4,4,4,4,4,4,4,4,7,7,7,7,8,7,7,4,7,7,7,38,7,7,7,7,7,7,8,7,4,7,7,8,7,7,7,7,7,7,7,8,7,7,7,12,7,7,7,7,7,8,7,7,12,7,4,5,4,4,4,4
2024-01-03 12:57:15,4,4,4,4,4,4,4,4,4,4,4,4,4,4,4,4,7,7,7,7,8,7,7,4,7,7,7,38,7,7,7,7,7,7,8,7,4,7,7,8,7,7,7,7,7,7,7,8,7,7,7,12,7,7,7,7,7,8,7,7,12,7,4,5,4,4,4,4
2024-01-03 12:57:20,4,4,4,4,4,4,4,4,4,4,4,4,4,4,4,4,7,7,7,7,8,7,7,4,7,7,7,38,7,7,7,7,7,7,8,7,4,7,7,8,7,7,7,7,7,7,7,8,7,7,7,12,7,7,7,7,7,8,7,7,12,7,4,5,4,4,4,4
2024-01-03 12:57:25,4,4,4,4,4,4,4,4,4,4,4,4,4,4,4,4,7,7,7,7,8,7,7,4,7,7,7,38,7,7,7,7,7,7,8,7,4,7,7,8,7,7,7,7,7,7,7,8,7,7,7,12,7,7,7,7,7,8,7,7,12,7,4,5,4,4,4,4
2024-01-03 12:57:30,4,4,4,4,4,4,4,4,4,4,4,4,4,4,4,4,7,7,7,7,8,7,7,4,7,7,7,38,7,7,7,7,7,7,8,7,4,7,7,8,7,7,7,7,7,7,7,8,7,7,7,12,7,7,7,7,7,8,7,7,12,7,4,5,4,4,4,4
2024-01-03 12:57:35,4,4,4,4,4,4,4,4,4,4,4,4,4,4,4,4,7,7,7,7,8,7,7,4,7,7,7,38,7,7,7,7,7,7,8,7,4,7,7,8,7,7,7,7,7,7,7,8,7,7,7,12,7,7,7,7,7,8,7,7,12,7,4,5,4,4,4,4
2024-01-03 12:57:40,4,4,4,4,4,4,4,4,4,4,4,4,4,4,4,4,7,7,7,7,8,7,7,4,7,7,7,38,7,7,7,7,7,7,8,7,4,7,7,8,7,7,7,7,7,7,7,8,7,7,7,12,7,7,7,7,7,8,7,7,12,7,4,5,4,4,4,4
2024-01-03 12:57:45,4,4,4,4,4,4,4,4,4,4,4,4,4,4,4,4,7,7,7,7,8,7,7,4,7,7,7,38,7,7,7,7,7,7,8,7,4,7,7,8,7,7,7,7,7,7,7,8,7,7,7,12,7,7,7,7,7,8,7,7,12,7,4,5,4,4,4,4
2024-01-03 12:57:50,4,4,4,4,4,4,4,4,4,4,4,4,4,4,4,4,7,7,7,7,8,7,7,4,7,7,7,38,7,7,7,7,7,7,8,7,4,7,7,8,7,7,7,7,7,7,7,8,7,7,7,12,7,7,7,7,7,8,7,7,12,7,4,5,4,4,4,4
2024-01-03 12:57:55,4,4,4,4,4,4,4,4,4,4,4,4,4,4,4,4,7,7,7,7,8,7,7,4,7,7,7,38,7,7,7,7,7,7,8,7,4,7,7,8,7,7,7,7,7,7,7,8,7,7,7,12,7,7,7,7,7,8,7,7,12,7,4,5,4,4,4,4
2024-01-03 12:58:00,4,4,4,4,4,4,4,4,4,4,4,4,4,4,4,4,7,7,7,7,8,7,7,4,7,7,7,38,7,7,7,7,7,7,8,7,4,7,7,8,7,7,7,7,7,7,7,8,7,7,7,12,7,7,7,7,7,8,7,7,12,7,4,5,4,4,4,4
2024-01-03 12:58:05,4,4,4,4,4,4,4,4,4,4,4,4,4,4,4,4,7,7,7,7,8,7,7,4,7,7,7,38,7,7,7,7,7,7,8,7,4,7,7,8,7,7,7,7,7,7,7,8,7,7,7,12,7,7,7,7,7,8,7,7,12,7,4,5,4,4,4,4
2024-01-03 12:58:10,4,4,4,4,4,4,4,4,4,4,4,4,4,4,4,4,7,7,7,7,8,7,7,4,7,7,7,38,7,7,7,7,7,7,8,7,4,7,7,8,7,7,7,7,7,7,7,8,7,7,7,12,7,7,7,7,7,8,7,7,12,7,4,5,4,4,4,4
2024-01-03 12:58:15,4,4,4,4,4,4,4,4,4,4,4,4,4,4,4,4,7,7,7,7,8,7,7,4,7,7,7,38,7,7,7,7,7,7,8,7,4,7,7,8,7,7,7,7,7,7,7,8,7,7,7,12,7,7,7,7,7,8,7,7,12,7,4,5,4,4,4,4
2024-01-03 12:58:20,4,4,4,4,4,4,4,4,4,4,4,4,4,4,4,4,7,7,7,7,8,7,7,4,7,7,7,38,7,7,7,7,7,7,8,7,4,7,7,8,7,7,7,7,7,7,7,8,7,7,7,12,7,7,7,7,7,8,7,7,12,7,4,5,4,4,4,4
2024-01-03 12:58:25,4,4,4,4,4,4,4,4,4,4,4,4,4,4,4,4,7,7,7,7,8,7,7,4,7,7,7,38,7,7,7,7,7,7,8,7,4,7,7,8,7,7,7,7,7,7,7,8,7,7,7,12,7,7,7,7,7,8,7,7,12,7,4,5,4,4,4,4
2024-01-03 12:58:30,4,4,4,4,4,4,4,4,4,4,4,4,4,4,4,4,7,7,7,7,8,7,7,4,7,7,7,38,7,7,7,7,7,7,8,7,4,7,7,8,7,7,7,7,7,7,7,8,7,7,7,12,7,7,7,7,7,8,7,7,12,7,4,5,4,4,4,4
2024-01-03 12:58:35,4,4,4,4,4,4,4,4,4,4,4,4,4,4,4,4,7,7,7,7,8,7,7,4,7,7,7,38,7,7,7,7,7,7,8,7,4,7,7,8,7,7,7,7,7,7,7,8,7,7,7,12,7,7,7,7,7,8,7,7,12,7,4,5,4,4,4,4
2024-01-03 12:58:40,4,4,4,4,4,4,4,4,4,4,4,4,4,4,4,4,7,7,7,7,8,7,7,4,7,7,7,38,7,7,7,7,7,7,8,7,4,7,7,8,7,7,7,7,7,7,7,8,7,7,7,12,7,7,7,7,7,8,7,7,12,7,4,5,4,4,4,4
2024-01-03 12:58:45,4,4,4,4,4,4,4,4,4,4,4,4,4,4,4,4,7,7,7,7,8,7,7,4,7,7,7,38,7,7,7,7,7,7,8,7,4,7,7,8,7,7,7,7,7,7,7,8,7,7,7,12,7,7,7,7,7,8,7,7,12,7,4,5,4,4,4,4
2024-01-03 12:58:50,4,4,4,4,4,4,4,4,4,4,4,4,4,4,4,4,7,7,7,7,8,7,7,4,7,7,7,38,7,7,7,7,7,7,8,7,4,7,7,8,7,7,7,7,7,7,7,8,7,7,7,12,7,7,7,7,7,8,7,7,12,7,4,5,4,4,4,4
2024-01-03 12:58:55,4,4,4,4,4,4,4,4,4,4,4,4,4,4,4,4,7,7,7,7,8,7,7,4,7,7,7,38,7,7,7,7,7,7,8,7,4,7,7,8,7,7,7,7,7,7,7,8,7,7,7,12,7,7,7,7,7,8,7,7,12,7,4,5,4,4,4,4
2024-01-03 12:59:00,4,4,4,4,4,4,4,4,4,4,4,4,4,4,4,4,7,7,7,7,8,7,7,4,7,7,7,38,7,7,7,7,7,7,8,7,4,7,7,8,7,7,7,7,7,7,7,8,7,7,7,12,7,7,7,7,7,8,7,7,12,7,4,5,4,4,4,4

