"Time","nacosdb-mysql-0","nacosdb-mysql-1","nacosdb-mysql-2","tsdb-mysql-0","tsdb-mysql-2","tsdb-mysql-1","ts-station-food-service-bbffbd779-qbpwz","tsdb-mysql-1","ts-auth-service-5cd94cf4c9-pr4sc","ts-consign-service-69fdbff744-t4nnm","ts-execute-service-667756b4bf-vrl4r","tsdb-mysql-0","ts-travel-plan-service-57865655f6-vklhv","ts-basic-service-c57455994-5rf52","ts-food-delivery-service-85c449576c-7jtrf","ts-train-service-c7fc88877-mm8n9","ts-config-service-55f74d8b79-mt2ln","tsdb-mysql-2","ts-assurance-service-569ffd759f-nzddv","tsdb-mysql-2","nacos-0","tsdb-mysql-0","ts-admin-route-service-5d486755c-mxt4j","tsdb-mysql-1","ts-order-other-service-6666b4d4d-x6l64","ts-ui-dashboard-7b5d44c888-gqlfj","ts-delivery-service-857d89f589-nrpbf","nacosdb-mysql-0","ts-avatar-service-ff8977c96-z6h7t","ts-travel-service-699599cdf5-mffdb","ts-seat-service-54f7bb8465-rzgwd","nacosdb-mysql-2","ts-admin-travel-service-7d4d447494-lz7vv","ts-wait-order-service-6f7f78bb5d-8f78g","ts-verification-code-service-58d4c7b777-p96jk","tsdb-mysql-0","nacosdb-mysql-0","ts-rebook-service-79586f4dbc-lh6w9","ts-consign-price-service-764c676495-rblv4","ts-preserve-service-56dfc8d6d-vnlpb","ts-route-plan-service-6594877d59-qrh8f","nacosdb-mysql-1","ts-user-service-77988d68d8-kp6gg","nacos-1","ts-route-service-6f5855dc47-7ht8z","ts-station-service-798774f5d-dpsf5","nacosdb-mysql-1","ts-gateway-service-8585c745cd-mn5vn","ts-food-service-85b5445f7-69dvs","ts-notification-service-66777dd945-g9l6f","ts-preserve-other-service-5b9bbf9cf-hjzpg","rabbitmq-78677c9c5f-wwjd7","ts-order-service-69885cc6c8-4mcjr","ts-admin-basic-info-service-d8d4b4ff9-s7zth","ts-voucher-service-7545b4fb7c-v46q2","ts-cancel-service-55b6778574-7zfnb","nacosdb-mysql-2","nacosdb-mysql-2","ts-admin-user-service-c544d7b74-xj8pn","ts-price-service-55c8646c4c-hjw4b","ts-ticket-office-service-9979b76f9-ztj64","ts-news-service-7665fdf4c-hlrml","nacos-2","ts-admin-order-service-787856598f-fl56n","tsdb-mysql-1","nacosdb-mysql-0","ts-train-food-service-f544897f-jd76n","ts-inside-payment-service-7f87878d9f-mqp8l","ts-travel2-service-5db558f8d9-4tk7g","tsdb-mysql-2","ts-payment-service-7fc4c49d89-7zrgj","ts-contacts-service-69864b9cd7-j7kng","nacosdb-mysql-1","ts-security-service-7fd5f9ff9c-k4nxj","ts-food-delivery-service-85c449576c-7jtrf","ts-order-service-69885cc6c8-4mcjr","ts-consign-service-69fdbff744-t4nnm","ts-travel2-service-5db558f8d9-4tk7g","ts-news-service-7665fdf4c-hlrml","ts-order-other-service-6666b4d4d-x6l64","ts-ui-dashboard-7b5d44c888-gqlfj","ts-voucher-service-7545b4fb7c-v46q2","ts-wait-order-service-6f7f78bb5d-8f78g","ts-gateway-service-8585c745cd-mn5vn","ts-price-service-55c8646c4c-hjw4b","ts-security-service-7fd5f9ff9c-k4nxj","ts-verification-code-service-58d4c7b777-p96jk","ts-admin-travel-service-7d4d447494-lz7vv","ts-avatar-service-ff8977c96-z6h7t","ts-cancel-service-55b6778574-7zfnb","ts-consign-price-service-764c676495-rblv4","ts-execute-service-667756b4bf-vrl4r","ts-admin-order-service-787856598f-fl56n","ts-auth-service-5cd94cf4c9-pr4sc","ts-route-service-6f5855dc47-7ht8z","ts-train-food-service-f544897f-jd76n","ts-admin-basic-info-service-d8d4b4ff9-s7zth","ts-config-service-55f74d8b79-mt2ln","ts-notification-service-66777dd945-g9l6f","ts-payment-service-7fc4c49d89-7zrgj","ts-preserve-service-56dfc8d6d-vnlpb","ts-station-service-798774f5d-dpsf5","ts-basic-service-c57455994-5rf52","ts-admin-route-service-5d486755c-mxt4j","ts-seat-service-54f7bb8465-rzgwd","ts-assurance-service-569ffd759f-nzddv","nacos-1","rabbitmq-78677c9c5f-wwjd7","nacos-2","ts-contacts-service-69864b9cd7-j7kng","ts-food-service-85b5445f7-69dvs","ts-inside-payment-service-7f87878d9f-mqp8l","ts-rebook-service-79586f4dbc-lh6w9","ts-train-service-c7fc88877-mm8n9","ts-travel-plan-service-57865655f6-vklhv","nacos-0","ts-station-food-service-bbffbd779-qbpwz","ts-ticket-office-service-9979b76f9-ztj64","ts-travel-service-699599cdf5-mffdb","ts-preserve-other-service-5b9bbf9cf-hjzpg","ts-route-plan-service-6594877d59-qrh8f","ts-admin-user-service-c544d7b74-xj8pn","ts-user-service-77988d68d8-kp6gg","ts-delivery-service-857d89f589-nrpbf"
2024-01-04 10:27:00,40960,40960,40960,40960,40960,40960,233472,77824,208896,208896,208896,77824,208896,208896,229376,217088,217088,94208,208896,110592,618950656,94208,208896,94208,217088,126976,7020544,90112,229376,217088,208896,94208,208896,217088,217088,450560,77824,208896,159744,208896,208896,90112,208896,618881024,241664,217088,106496,245760,208896,7004160,208896,65536,208896,208896,200704,208896,106496,77824,208896,217088,2334720,77824,618958848,208896,106496,528384,229376,217088,217088,77824,217088,217088,77824,217088,40960,40960,40960,40960,40960,40960,40960,40960,40960,40960,40960,40960,40960,40960,40960,40960,40960,40960,40960,40960,40960,40960,40960,40960,40960,40960,40960,40960,40960,40960,40960,40960,40960,40960,40960,40960,40960,40960,40960,40960,40960,40960,40960,40960,40960,40960,40960,40960,40960,40960
2024-01-04 10:27:05,40960,40960,40960,40960,40960,40960,233472,77824,208896,208896,208896,77824,208896,208896,229376,217088,217088,94208,208896,110592,618950656,94208,208896,94208,217088,126976,7020544,90112,229376,217088,208896,94208,208896,217088,217088,450560,77824,208896,159744,208896,208896,90112,208896,618881024,241664,217088,106496,245760,208896,7004160,208896,65536,208896,208896,200704,208896,106496,77824,208896,217088,2334720,77824,618958848,208896,106496,528384,229376,217088,217088,77824,217088,217088,77824,217088,40960,40960,40960,40960,40960,40960,40960,40960,40960,40960,40960,40960,40960,40960,40960,40960,40960,40960,40960,40960,40960,40960,40960,40960,40960,40960,40960,40960,40960,40960,40960,40960,40960,40960,40960,40960,40960,40960,40960,40960,40960,40960,40960,40960,40960,40960,40960,40960,40960,40960
2024-01-04 10:27:10,40960,40960,40960,40960,40960,40960,233472,77824,208896,208896,208896,77824,208896,208896,229376,217088,217088,94208,208896,110592,618950656,94208,208896,94208,217088,126976,7020544,90112,229376,217088,208896,94208,208896,217088,217088,450560,77824,208896,159744,208896,208896,90112,208896,618881024,241664,217088,106496,245760,208896,7004160,208896,65536,208896,208896,200704,208896,106496,77824,208896,217088,2334720,77824,618958848,208896,106496,528384,229376,217088,217088,77824,217088,217088,77824,217088,40960,40960,40960,40960,40960,40960,40960,40960,40960,40960,40960,40960,40960,40960,40960,40960,40960,40960,40960,40960,40960,40960,40960,40960,40960,40960,40960,40960,40960,40960,40960,40960,40960,40960,40960,40960,40960,40960,40960,40960,40960,40960,40960,40960,40960,40960,40960,40960,40960,40960
2024-01-04 10:27:15,40960,40960,40960,40960,40960,40960,233472,77824,208896,208896,208896,77824,208896,208896,229376,217088,217088,94208,208896,110592,618975232,94208,208896,94208,217088,126976,7110656,90112,229376,217088,208896,94208,208896,217088,217088,450560,77824,208896,159744,208896,208896,90112,208896,618897408,241664,217088,106496,245760,208896,7098368,208896,65536,208896,208896,200704,208896,106496,77824,208896,217088,2334720,77824,618979328,208896,106496,528384,229376,217088,217088,77824,217088,217088,77824,217088,40960,40960,40960,40960,40960,40960,40960,40960,40960,40960,40960,40960,40960,40960,40960,40960,40960,40960,40960,40960,40960,40960,40960,40960,40960,40960,40960,40960,40960,40960,40960,40960,40960,40960,40960,40960,40960,40960,40960,40960,40960,40960,40960,40960,40960,40960,40960,40960,40960,40960
2024-01-04 10:27:20,40960,40960,40960,40960,40960,40960,233472,77824,208896,208896,208896,77824,208896,208896,229376,217088,217088,94208,208896,110592,618975232,94208,208896,94208,217088,126976,7110656,90112,229376,217088,208896,94208,208896,217088,217088,450560,77824,208896,159744,208896,208896,90112,208896,618897408,241664,217088,106496,245760,208896,7098368,208896,65536,208896,208896,200704,208896,106496,77824,208896,217088,2334720,77824,618979328,208896,106496,528384,229376,217088,217088,77824,217088,217088,77824,217088,40960,40960,40960,40960,40960,40960,40960,40960,40960,40960,40960,40960,40960,40960,40960,40960,40960,40960,40960,40960,40960,40960,40960,40960,40960,40960,40960,40960,40960,40960,40960,40960,40960,40960,40960,40960,40960,40960,40960,40960,40960,40960,40960,40960,40960,40960,40960,40960,40960,40960
2024-01-04 10:27:25,40960,40960,40960,40960,40960,40960,233472,77824,208896,208896,208896,77824,208896,208896,229376,217088,217088,94208,208896,110592,618975232,94208,208896,94208,217088,126976,7110656,90112,229376,217088,208896,94208,208896,217088,217088,450560,77824,208896,159744,208896,208896,90112,208896,618897408,241664,217088,106496,245760,208896,7098368,208896,65536,208896,208896,200704,208896,106496,77824,208896,217088,2334720,77824,618979328,208896,106496,528384,229376,217088,217088,77824,217088,217088,77824,217088,40960,40960,40960,40960,40960,40960,40960,40960,40960,40960,40960,40960,40960,40960,40960,40960,40960,40960,40960,40960,40960,40960,40960,40960,40960,40960,40960,40960,40960,40960,40960,40960,40960,40960,40960,40960,40960,40960,40960,40960,40960,40960,40960,40960,40960,40960,40960,40960,40960,40960
2024-01-04 10:27:30,40960,40960,40960,40960,40960,40960,233472,77824,208896,208896,208896,77824,208896,208896,229376,217088,217088,94208,208896,110592,618975232,94208,208896,94208,217088,126976,7110656,90112,229376,217088,208896,94208,208896,217088,217088,454656,77824,208896,159744,208896,208896,90112,208896,618897408,241664,217088,106496,245760,208896,7098368,208896,65536,208896,208896,200704,208896,106496,77824,208896,217088,2334720,77824,618979328,208896,106496,532480,229376,217088,217088,77824,217088,217088,77824,217088,40960,40960,40960,40960,40960,40960,40960,40960,40960,40960,40960,40960,40960,40960,40960,40960,40960,40960,40960,40960,40960,40960,40960,40960,40960,40960,40960,40960,40960,40960,40960,40960,40960,40960,40960,40960,40960,40960,40960,40960,40960,40960,40960,40960,40960,40960,40960,40960,40960,40960
2024-01-04 10:27:35,40960,40960,40960,40960,40960,40960,233472,77824,208896,208896,208896,77824,208896,208896,229376,217088,217088,94208,208896,110592,618975232,94208,208896,94208,217088,126976,7110656,90112,229376,217088,208896,94208,208896,217088,217088,454656,77824,208896,159744,208896,208896,90112,208896,618897408,241664,217088,106496,245760,208896,7098368,208896,65536,208896,208896,200704,208896,106496,77824,208896,217088,2334720,77824,618979328,208896,106496,532480,229376,217088,217088,77824,217088,217088,77824,217088,40960,40960,40960,40960,40960,40960,40960,40960,40960,40960,40960,40960,40960,40960,40960,40960,40960,40960,40960,40960,40960,40960,40960,40960,40960,40960,40960,40960,40960,40960,40960,40960,40960,40960,40960,40960,40960,40960,40960,40960,40960,40960,40960,40960,40960,40960,40960,40960,40960,40960
2024-01-04 10:27:40,40960,40960,40960,40960,40960,40960,233472,77824,208896,208896,208896,77824,208896,208896,229376,217088,217088,94208,208896,110592,618975232,94208,208896,94208,217088,126976,7110656,90112,229376,217088,208896,94208,208896,217088,217088,454656,77824,208896,159744,208896,208896,90112,208896,618897408,241664,217088,106496,245760,208896,7098368,208896,65536,208896,208896,200704,208896,106496,77824,208896,217088,2334720,77824,618979328,208896,106496,532480,229376,217088,217088,77824,217088,217088,77824,217088,40960,40960,40960,40960,40960,40960,40960,40960,40960,40960,40960,40960,40960,40960,40960,40960,40960,40960,40960,40960,40960,40960,40960,40960,40960,40960,40960,40960,40960,40960,40960,40960,40960,40960,40960,40960,40960,40960,40960,40960,40960,40960,40960,40960,40960,40960,40960,40960,40960,40960
2024-01-04 10:27:45,40960,40960,40960,40960,40960,40960,233472,77824,208896,208896,208896,77824,208896,208896,229376,217088,217088,94208,208896,110592,618975232,94208,208896,94208,217088,126976,7110656,90112,229376,217088,208896,94208,208896,217088,217088,454656,77824,208896,159744,208896,208896,90112,208896,618897408,241664,217088,106496,245760,208896,7098368,208896,65536,208896,208896,200704,208896,106496,77824,208896,217088,2334720,77824,618979328,208896,106496,532480,229376,217088,217088,77824,217088,217088,77824,217088,40960,40960,40960,40960,40960,40960,40960,40960,40960,40960,40960,40960,40960,40960,40960,40960,40960,40960,40960,40960,40960,40960,40960,40960,40960,40960,40960,40960,40960,40960,40960,40960,40960,40960,40960,40960,40960,40960,40960,40960,40960,40960,40960,40960,40960,40960,40960,40960,40960,40960
2024-01-04 10:27:50,40960,40960,40960,40960,40960,40960,233472,77824,208896,208896,208896,77824,208896,208896,229376,217088,217088,94208,208896,110592,618975232,94208,208896,94208,217088,126976,7110656,90112,229376,217088,208896,94208,208896,217088,217088,454656,77824,208896,159744,208896,208896,90112,208896,618897408,241664,217088,106496,245760,208896,7098368,208896,65536,208896,208896,200704,208896,106496,77824,208896,217088,2334720,77824,618979328,208896,106496,532480,229376,217088,217088,77824,217088,217088,77824,217088,40960,40960,40960,40960,40960,40960,40960,40960,40960,40960,40960,40960,40960,40960,40960,40960,40960,40960,40960,40960,40960,40960,40960,40960,40960,40960,40960,40960,40960,40960,40960,40960,40960,40960,40960,40960,40960,40960,40960,40960,40960,40960,40960,40960,40960,40960,40960,40960,40960,40960
2024-01-04 10:27:55,40960,40960,40960,40960,40960,40960,233472,77824,208896,208896,208896,77824,208896,208896,229376,217088,217088,94208,208896,110592,618975232,94208,208896,94208,217088,126976,7110656,90112,229376,217088,208896,94208,208896,217088,217088,454656,77824,208896,159744,208896,208896,90112,208896,618897408,241664,217088,106496,245760,208896,7098368,208896,65536,208896,208896,200704,208896,106496,77824,208896,217088,2334720,77824,618979328,208896,106496,532480,229376,217088,217088,77824,217088,217088,77824,217088,40960,40960,40960,40960,40960,40960,40960,40960,40960,40960,40960,40960,40960,40960,40960,40960,40960,40960,40960,40960,40960,40960,40960,40960,40960,40960,40960,40960,40960,40960,40960,40960,40960,40960,40960,40960,40960,40960,40960,40960,40960,40960,40960,40960,40960,40960,40960,40960,40960,40960
2024-01-04 10:28:00,40960,40960,40960,40960,40960,40960,233472,77824,208896,208896,208896,77824,208896,208896,229376,217088,217088,94208,208896,110592,618975232,94208,208896,94208,217088,126976,7110656,90112,229376,217088,208896,94208,208896,217088,217088,454656,77824,208896,159744,208896,208896,90112,208896,618897408,241664,217088,106496,245760,208896,7098368,208896,65536,208896,208896,200704,208896,106496,77824,208896,217088,2334720,77824,618979328,208896,106496,532480,229376,217088,217088,77824,217088,217088,77824,217088,40960,40960,40960,40960,40960,40960,40960,40960,40960,40960,40960,40960,40960,40960,40960,40960,40960,40960,40960,40960,40960,40960,40960,40960,40960,40960,40960,40960,40960,40960,40960,40960,40960,40960,40960,40960,40960,40960,40960,40960,40960,40960,40960,40960,40960,40960,40960,40960,40960,40960
2024-01-04 10:28:05,40960,40960,40960,40960,40960,40960,233472,77824,208896,208896,208896,77824,208896,208896,229376,217088,217088,94208,208896,110592,618975232,94208,208896,94208,217088,126976,7110656,90112,229376,217088,208896,94208,208896,217088,217088,454656,77824,208896,,208896,208896,90112,208896,618897408,241664,217088,106496,245760,208896,7098368,208896,65536,208896,208896,200704,208896,106496,77824,208896,217088,2334720,77824,618979328,208896,106496,532480,229376,217088,217088,77824,217088,217088,77824,217088,40960,40960,40960,40960,40960,40960,40960,40960,40960,40960,40960,40960,40960,40960,40960,40960,40960,40960,40960,40960,40960,40960,40960,40960,40960,40960,40960,40960,40960,40960,40960,40960,40960,40960,40960,40960,40960,40960,40960,40960,40960,40960,40960,40960,40960,40960,40960,40960,40960,40960
2024-01-04 10:28:10,40960,40960,40960,40960,40960,40960,233472,77824,208896,208896,208896,77824,208896,208896,229376,217088,217088,94208,208896,110592,618975232,94208,208896,94208,217088,126976,7110656,90112,229376,217088,208896,94208,208896,217088,217088,454656,77824,208896,,208896,208896,90112,208896,618897408,241664,217088,106496,245760,208896,7098368,208896,65536,208896,208896,200704,208896,106496,77824,208896,217088,2334720,77824,618979328,208896,106496,532480,229376,217088,217088,77824,217088,217088,77824,217088,40960,40960,40960,40960,40960,40960,40960,40960,40960,40960,40960,40960,40960,40960,40960,40960,40960,40960,40960,40960,40960,40960,40960,40960,40960,40960,40960,40960,40960,40960,40960,40960,40960,40960,40960,40960,40960,40960,40960,40960,40960,40960,40960,40960,40960,40960,40960,40960,40960,40960
2024-01-04 10:28:15,40960,40960,40960,40960,40960,40960,233472,77824,208896,208896,208896,77824,208896,208896,229376,217088,217088,94208,208896,110592,618975232,94208,208896,94208,217088,126976,7110656,90112,229376,217088,208896,94208,208896,217088,217088,454656,77824,208896,,208896,208896,90112,208896,618897408,241664,217088,106496,245760,208896,7098368,208896,65536,208896,208896,200704,208896,106496,77824,208896,217088,2334720,77824,618979328,208896,106496,532480,229376,217088,217088,77824,217088,217088,77824,217088,40960,40960,40960,40960,40960,40960,40960,40960,40960,40960,40960,40960,40960,40960,40960,40960,40960,40960,40960,40960,40960,40960,40960,40960,40960,40960,40960,40960,40960,40960,40960,40960,40960,40960,40960,40960,40960,40960,40960,40960,40960,40960,40960,40960,40960,40960,40960,40960,40960,40960
2024-01-04 10:28:20,40960,40960,40960,40960,40960,40960,233472,77824,208896,208896,208896,77824,208896,208896,229376,217088,217088,94208,208896,110592,618975232,94208,208896,94208,217088,126976,7110656,90112,229376,217088,208896,94208,208896,217088,217088,454656,77824,208896,,208896,208896,90112,208896,618897408,241664,217088,106496,245760,208896,7098368,208896,65536,208896,208896,200704,208896,106496,77824,208896,217088,2334720,77824,618979328,208896,106496,532480,229376,217088,217088,77824,217088,217088,77824,217088,40960,40960,40960,40960,40960,40960,40960,40960,40960,40960,40960,40960,40960,40960,40960,40960,40960,40960,40960,40960,40960,40960,40960,40960,40960,40960,40960,40960,40960,40960,40960,40960,40960,40960,40960,40960,40960,40960,40960,40960,40960,40960,40960,40960,40960,40960,40960,40960,40960,40960
2024-01-04 10:28:25,40960,40960,40960,40960,40960,40960,233472,77824,208896,208896,208896,77824,208896,208896,229376,217088,217088,94208,208896,110592,618975232,94208,208896,94208,217088,126976,7110656,90112,229376,217088,208896,94208,208896,217088,217088,454656,77824,208896,,208896,208896,90112,208896,618897408,241664,217088,106496,245760,208896,7098368,208896,65536,208896,208896,200704,208896,106496,77824,208896,217088,2334720,77824,618979328,208896,106496,532480,229376,217088,217088,77824,217088,217088,77824,217088,40960,40960,40960,40960,40960,40960,40960,40960,40960,40960,40960,40960,40960,40960,40960,40960,40960,40960,40960,40960,40960,40960,40960,40960,40960,40960,40960,40960,40960,40960,40960,40960,40960,40960,40960,40960,40960,40960,40960,40960,40960,40960,40960,40960,40960,40960,40960,40960,40960,40960
2024-01-04 10:28:30,40960,40960,40960,40960,40960,40960,233472,77824,208896,208896,208896,77824,208896,208896,229376,217088,217088,94208,208896,110592,618975232,94208,208896,94208,217088,126976,7110656,90112,229376,217088,208896,94208,208896,217088,217088,454656,77824,208896,,208896,208896,90112,208896,618897408,241664,217088,106496,245760,208896,7098368,208896,65536,208896,208896,200704,208896,106496,77824,208896,217088,2334720,77824,618979328,208896,106496,532480,229376,217088,217088,77824,217088,217088,77824,217088,40960,40960,40960,40960,40960,40960,40960,40960,40960,40960,40960,40960,40960,40960,40960,40960,40960,40960,40960,40960,40960,40960,40960,40960,40960,40960,40960,40960,40960,40960,40960,40960,40960,40960,40960,40960,40960,40960,40960,40960,40960,40960,40960,40960,40960,40960,40960,40960,40960,40960
2024-01-04 10:28:35,40960,40960,40960,40960,40960,40960,233472,77824,208896,208896,208896,77824,208896,208896,229376,217088,217088,94208,208896,110592,618975232,94208,208896,94208,217088,126976,7110656,90112,229376,217088,208896,94208,208896,217088,217088,454656,77824,208896,,208896,208896,90112,208896,618897408,241664,217088,106496,245760,208896,7098368,208896,65536,208896,208896,200704,208896,106496,77824,208896,217088,2334720,77824,618979328,208896,106496,532480,229376,217088,217088,77824,217088,217088,77824,217088,40960,40960,40960,40960,40960,40960,40960,40960,40960,40960,40960,40960,40960,40960,40960,40960,40960,40960,40960,40960,40960,40960,40960,40960,40960,40960,40960,40960,40960,40960,40960,40960,40960,40960,40960,40960,40960,40960,40960,40960,40960,40960,40960,40960,40960,40960,40960,40960,40960,40960
2024-01-04 10:28:40,40960,40960,40960,40960,40960,40960,233472,77824,208896,208896,208896,77824,208896,208896,229376,217088,217088,94208,208896,110592,618975232,94208,208896,94208,217088,126976,7110656,90112,229376,217088,208896,94208,208896,217088,217088,454656,77824,208896,,208896,208896,90112,208896,618897408,241664,217088,106496,245760,208896,7098368,208896,65536,208896,208896,200704,208896,106496,77824,208896,217088,2334720,77824,618979328,208896,106496,532480,229376,217088,217088,77824,217088,217088,77824,217088,40960,40960,40960,40960,40960,40960,40960,40960,40960,40960,40960,40960,40960,40960,40960,40960,40960,40960,40960,40960,40960,40960,40960,40960,40960,40960,40960,40960,40960,40960,40960,40960,40960,40960,40960,40960,40960,40960,40960,40960,40960,40960,40960,40960,40960,40960,40960,40960,40960,40960
2024-01-04 10:28:45,40960,40960,40960,40960,40960,40960,233472,77824,208896,208896,208896,77824,208896,208896,229376,217088,217088,94208,208896,110592,618975232,94208,208896,94208,217088,126976,7110656,90112,229376,217088,208896,94208,208896,217088,217088,454656,77824,208896,,208896,208896,90112,208896,618897408,241664,217088,106496,245760,208896,7098368,208896,65536,208896,208896,200704,208896,106496,77824,208896,217088,2334720,77824,618979328,208896,106496,532480,229376,217088,217088,77824,217088,217088,77824,217088,40960,40960,40960,40960,40960,40960,40960,40960,40960,40960,40960,40960,40960,40960,40960,40960,40960,40960,40960,40960,40960,40960,40960,40960,40960,40960,40960,40960,40960,40960,40960,40960,40960,40960,40960,40960,40960,40960,40960,40960,40960,40960,40960,40960,40960,40960,40960,40960,40960,40960
2024-01-04 10:28:50,40960,40960,40960,40960,40960,40960,233472,77824,208896,208896,208896,77824,208896,208896,229376,217088,217088,94208,208896,110592,618975232,94208,208896,94208,217088,126976,7110656,90112,229376,217088,208896,94208,208896,217088,217088,454656,77824,208896,,208896,208896,90112,208896,618897408,241664,217088,106496,245760,208896,7098368,208896,65536,208896,208896,200704,208896,106496,77824,208896,217088,2334720,77824,618979328,208896,106496,532480,229376,217088,217088,77824,217088,217088,77824,217088,40960,40960,40960,40960,40960,40960,40960,40960,40960,40960,40960,40960,40960,40960,40960,40960,40960,40960,40960,40960,40960,40960,40960,40960,40960,40960,40960,40960,40960,40960,40960,40960,40960,40960,40960,40960,40960,40960,40960,40960,40960,40960,40960,40960,40960,40960,40960,40960,40960,40960
2024-01-04 10:28:55,40960,40960,40960,40960,40960,40960,233472,77824,208896,208896,208896,77824,208896,208896,229376,217088,217088,94208,208896,110592,618975232,94208,208896,94208,217088,126976,7110656,90112,229376,217088,208896,94208,208896,217088,217088,454656,77824,208896,,208896,208896,90112,208896,618897408,241664,217088,106496,245760,208896,7098368,208896,65536,208896,208896,200704,208896,106496,77824,208896,217088,2334720,77824,618979328,208896,106496,532480,229376,217088,217088,77824,217088,217088,77824,217088,40960,40960,40960,40960,40960,40960,40960,40960,40960,40960,40960,40960,40960,40960,40960,40960,40960,40960,40960,40960,40960,40960,40960,40960,40960,40960,40960,40960,40960,40960,40960,40960,40960,40960,40960,40960,40960,40960,40960,40960,40960,40960,40960,40960,40960,40960,40960,40960,40960,40960
2024-01-04 10:29:00,40960,40960,40960,40960,40960,40960,233472,77824,208896,208896,208896,77824,208896,208896,229376,217088,217088,94208,208896,110592,618975232,94208,208896,94208,217088,126976,7110656,90112,229376,217088,208896,94208,208896,217088,217088,454656,77824,208896,,208896,208896,90112,208896,618897408,241664,217088,106496,245760,208896,7098368,208896,65536,208896,208896,200704,208896,106496,77824,208896,217088,2334720,77824,618979328,208896,106496,532480,229376,217088,217088,77824,217088,217088,77824,217088,40960,40960,40960,40960,40960,40960,40960,40960,40960,40960,40960,40960,40960,40960,40960,40960,40960,40960,40960,40960,40960,40960,40960,40960,40960,40960,40960,40960,40960,40960,40960,40960,40960,40960,40960,40960,40960,40960,40960,40960,40960,40960,40960,40960,40960,40960,40960,40960,40960,40960
2024-01-04 10:29:05,40960,40960,40960,40960,40960,40960,233472,77824,208896,208896,208896,77824,208896,208896,229376,217088,217088,94208,208896,110592,618975232,94208,208896,94208,217088,126976,7110656,90112,229376,217088,208896,94208,208896,217088,217088,454656,77824,208896,,208896,208896,90112,208896,618897408,241664,217088,106496,245760,208896,7098368,208896,65536,208896,208896,200704,208896,106496,77824,208896,217088,2334720,77824,618979328,208896,106496,532480,229376,217088,217088,77824,217088,217088,77824,217088,40960,40960,40960,40960,40960,40960,40960,40960,40960,40960,40960,40960,40960,40960,40960,40960,40960,40960,40960,40960,40960,40960,40960,40960,40960,40960,40960,40960,40960,40960,40960,40960,40960,40960,40960,40960,40960,40960,40960,40960,40960,40960,40960,40960,40960,40960,40960,40960,40960,40960
2024-01-04 10:29:10,40960,40960,40960,40960,40960,40960,233472,77824,208896,208896,208896,77824,208896,208896,229376,217088,217088,94208,208896,110592,618975232,94208,208896,94208,217088,126976,7110656,90112,229376,217088,208896,94208,208896,217088,217088,454656,77824,208896,,208896,208896,90112,208896,618897408,241664,217088,106496,245760,208896,7098368,208896,65536,208896,208896,200704,208896,106496,77824,208896,217088,2334720,77824,618979328,208896,106496,532480,229376,217088,217088,77824,217088,217088,77824,217088,40960,40960,40960,40960,40960,40960,40960,40960,40960,40960,40960,40960,40960,40960,40960,40960,40960,40960,40960,40960,40960,40960,40960,40960,40960,40960,40960,40960,40960,40960,40960,40960,40960,40960,40960,40960,40960,40960,40960,40960,40960,40960,40960,40960,40960,40960,40960,40960,40960,40960
2024-01-04 10:29:15,40960,40960,40960,40960,40960,40960,233472,77824,208896,208896,208896,77824,208896,208896,229376,217088,217088,94208,208896,110592,618975232,94208,208896,94208,217088,126976,7110656,90112,229376,217088,208896,94208,208896,217088,217088,454656,77824,208896,,208896,208896,90112,208896,618897408,241664,217088,106496,245760,208896,7098368,208896,65536,208896,208896,200704,208896,106496,77824,208896,217088,2334720,77824,618979328,208896,106496,532480,229376,217088,217088,77824,217088,217088,77824,217088,40960,40960,40960,40960,40960,40960,40960,40960,40960,40960,40960,40960,40960,40960,40960,40960,40960,40960,40960,40960,40960,40960,40960,40960,40960,40960,40960,40960,40960,40960,40960,40960,40960,40960,40960,40960,40960,40960,40960,40960,40960,40960,40960,40960,40960,40960,40960,40960,40960,40960
2024-01-04 10:29:20,40960,40960,40960,40960,40960,40960,233472,77824,208896,208896,208896,77824,208896,208896,229376,217088,217088,94208,208896,110592,618975232,94208,208896,94208,217088,126976,7110656,90112,229376,217088,208896,94208,208896,217088,217088,454656,77824,208896,,208896,208896,90112,208896,618897408,241664,217088,106496,245760,208896,7098368,208896,65536,208896,208896,200704,208896,106496,77824,208896,217088,2334720,77824,618979328,208896,106496,532480,229376,217088,217088,77824,217088,217088,77824,217088,40960,40960,40960,40960,40960,40960,40960,40960,40960,40960,40960,40960,40960,40960,40960,40960,40960,40960,40960,40960,40960,40960,40960,40960,40960,40960,40960,40960,40960,40960,40960,40960,40960,40960,40960,40960,40960,40960,40960,40960,40960,40960,40960,40960,40960,40960,40960,40960,40960,40960
2024-01-04 10:29:25,40960,40960,40960,40960,40960,40960,233472,77824,208896,208896,208896,77824,208896,208896,229376,217088,217088,94208,208896,110592,618975232,94208,208896,94208,217088,126976,7110656,90112,229376,217088,208896,94208,208896,217088,217088,454656,77824,208896,,208896,208896,90112,208896,618897408,241664,217088,106496,245760,208896,7098368,208896,65536,208896,208896,200704,208896,106496,77824,208896,217088,2334720,77824,618979328,208896,106496,532480,229376,217088,217088,77824,217088,217088,77824,217088,40960,40960,40960,40960,40960,40960,40960,40960,40960,40960,40960,40960,40960,40960,40960,40960,40960,40960,40960,40960,40960,40960,40960,40960,40960,40960,40960,40960,40960,40960,40960,40960,40960,40960,40960,40960,40960,40960,40960,40960,40960,40960,40960,40960,40960,40960,40960,40960,40960,40960
2024-01-04 10:29:30,40960,40960,40960,40960,40960,40960,233472,77824,208896,208896,208896,77824,208896,208896,229376,217088,217088,94208,208896,110592,618975232,94208,208896,94208,217088,126976,7110656,90112,229376,217088,208896,94208,208896,217088,217088,454656,77824,208896,,208896,208896,90112,208896,618897408,241664,217088,106496,245760,208896,7098368,208896,65536,208896,208896,200704,208896,106496,77824,208896,217088,2334720,77824,618979328,208896,106496,532480,229376,217088,217088,77824,217088,217088,77824,217088,40960,40960,40960,40960,40960,40960,40960,40960,40960,40960,40960,40960,40960,40960,40960,40960,40960,40960,40960,40960,40960,40960,40960,40960,40960,40960,40960,40960,40960,40960,40960,40960,40960,40960,40960,40960,40960,40960,40960,40960,40960,40960,40960,40960,40960,40960,40960,40960,40960,40960
2024-01-04 10:29:35,40960,40960,40960,40960,40960,40960,233472,77824,208896,208896,208896,77824,208896,208896,229376,217088,217088,94208,208896,110592,618975232,94208,208896,94208,217088,126976,7110656,90112,229376,217088,208896,94208,208896,217088,217088,454656,77824,208896,,208896,208896,90112,208896,618897408,241664,217088,106496,245760,208896,7098368,208896,65536,208896,208896,200704,208896,106496,77824,208896,217088,2334720,77824,618979328,208896,106496,532480,229376,217088,217088,77824,217088,217088,77824,217088,40960,40960,40960,40960,40960,40960,40960,40960,40960,40960,40960,40960,40960,40960,40960,40960,40960,40960,40960,40960,40960,40960,40960,40960,40960,40960,40960,40960,40960,40960,40960,40960,40960,40960,40960,40960,40960,40960,40960,40960,40960,40960,40960,40960,40960,40960,40960,40960,40960,40960
2024-01-04 10:29:40,40960,40960,40960,40960,40960,40960,233472,77824,208896,208896,208896,77824,208896,208896,229376,217088,217088,94208,208896,110592,618975232,94208,208896,94208,217088,126976,7110656,90112,229376,217088,208896,94208,208896,217088,217088,454656,77824,208896,,208896,208896,90112,208896,618897408,241664,217088,106496,245760,208896,7098368,208896,65536,208896,208896,200704,208896,106496,77824,208896,217088,2334720,77824,618979328,208896,106496,532480,229376,217088,217088,77824,217088,217088,77824,217088,40960,40960,40960,40960,40960,40960,40960,40960,40960,40960,40960,40960,40960,40960,40960,40960,40960,40960,40960,40960,40960,40960,40960,40960,40960,40960,40960,40960,40960,40960,40960,40960,40960,40960,40960,40960,40960,40960,40960,40960,40960,40960,40960,40960,40960,40960,40960,40960,40960,40960
2024-01-04 10:29:45,40960,40960,40960,40960,40960,40960,233472,77824,208896,208896,208896,77824,208896,208896,229376,217088,217088,94208,208896,110592,618975232,94208,208896,94208,217088,126976,7110656,90112,229376,217088,208896,94208,208896,217088,217088,454656,77824,208896,,208896,208896,90112,208896,618897408,241664,217088,106496,245760,208896,7098368,208896,65536,208896,208896,200704,208896,106496,77824,208896,217088,2334720,77824,618979328,208896,106496,532480,229376,217088,217088,77824,217088,217088,77824,217088,40960,40960,40960,40960,40960,40960,40960,40960,40960,40960,40960,40960,40960,40960,40960,40960,40960,40960,40960,40960,40960,40960,40960,40960,40960,40960,40960,40960,40960,40960,40960,40960,40960,40960,40960,40960,40960,40960,40960,40960,40960,40960,40960,40960,40960,40960,40960,40960,40960,40960
2024-01-04 10:29:50,40960,40960,40960,40960,40960,40960,233472,77824,208896,208896,208896,77824,208896,208896,229376,217088,217088,94208,208896,110592,618975232,94208,208896,94208,217088,126976,7110656,90112,229376,217088,208896,94208,208896,217088,217088,454656,77824,208896,,208896,208896,90112,208896,618897408,241664,217088,106496,245760,208896,7098368,208896,65536,208896,208896,200704,208896,106496,77824,208896,217088,2334720,77824,618979328,208896,106496,532480,229376,217088,217088,77824,217088,217088,77824,217088,40960,40960,40960,40960,40960,40960,40960,40960,40960,40960,40960,40960,40960,40960,40960,40960,40960,40960,40960,40960,40960,40960,40960,40960,40960,40960,40960,40960,40960,40960,40960,40960,40960,40960,40960,40960,40960,40960,40960,40960,40960,40960,40960,40960,40960,40960,40960,40960,40960,40960
2024-01-04 10:29:55,40960,40960,40960,40960,40960,40960,233472,77824,208896,208896,208896,77824,208896,208896,229376,217088,217088,94208,208896,110592,618975232,94208,208896,94208,217088,126976,7110656,90112,229376,217088,208896,94208,208896,217088,217088,454656,77824,208896,,208896,208896,90112,208896,618897408,241664,217088,106496,245760,208896,7098368,208896,65536,208896,208896,200704,208896,106496,77824,208896,217088,2334720,77824,618979328,208896,106496,532480,229376,217088,217088,77824,217088,217088,77824,217088,40960,40960,40960,40960,40960,40960,40960,40960,40960,40960,40960,40960,40960,40960,40960,40960,40960,40960,40960,40960,40960,40960,40960,40960,40960,40960,40960,40960,40960,40960,40960,40960,40960,40960,40960,40960,40960,40960,40960,40960,40960,40960,40960,40960,40960,40960,40960,40960,40960,40960
2024-01-04 10:30:00,40960,40960,40960,40960,40960,40960,233472,77824,208896,208896,208896,77824,208896,208896,229376,217088,217088,94208,208896,110592,618975232,94208,208896,94208,217088,126976,7110656,90112,229376,217088,208896,94208,208896,217088,217088,454656,77824,208896,,208896,208896,90112,208896,618897408,241664,217088,106496,245760,208896,7098368,208896,65536,208896,208896,200704,208896,106496,77824,208896,217088,2334720,77824,618979328,208896,106496,532480,229376,217088,217088,77824,217088,217088,77824,217088,40960,40960,40960,40960,40960,40960,40960,40960,40960,40960,40960,40960,40960,40960,40960,40960,40960,40960,40960,40960,40960,40960,40960,40960,40960,40960,40960,40960,40960,40960,40960,40960,40960,40960,40960,40960,40960,40960,40960,40960,40960,40960,40960,40960,40960,40960,40960,40960,40960,40960
2024-01-04 10:30:05,40960,40960,40960,40960,40960,40960,233472,77824,208896,208896,208896,77824,208896,208896,229376,217088,217088,94208,208896,110592,618975232,94208,208896,94208,217088,126976,7110656,90112,229376,217088,208896,94208,208896,217088,217088,454656,77824,208896,,208896,208896,90112,208896,618897408,241664,217088,106496,245760,208896,7098368,208896,65536,208896,208896,200704,208896,106496,77824,208896,217088,2334720,77824,618979328,208896,106496,532480,229376,217088,217088,77824,217088,217088,77824,217088,40960,40960,40960,40960,40960,40960,40960,40960,40960,40960,40960,40960,40960,40960,40960,40960,40960,40960,40960,40960,40960,40960,40960,40960,40960,40960,40960,40960,40960,40960,40960,40960,40960,40960,40960,40960,40960,40960,40960,40960,40960,40960,40960,40960,40960,40960,40960,40960,40960,40960
2024-01-04 10:30:10,40960,40960,40960,40960,40960,40960,233472,77824,208896,208896,208896,77824,208896,208896,229376,217088,217088,94208,208896,110592,618975232,94208,208896,94208,217088,126976,7110656,90112,229376,217088,208896,94208,208896,217088,217088,454656,77824,208896,,208896,208896,90112,208896,618897408,241664,217088,106496,245760,208896,7098368,208896,65536,208896,208896,200704,208896,106496,77824,208896,217088,2334720,77824,618979328,208896,106496,532480,229376,217088,217088,77824,217088,217088,77824,217088,40960,40960,40960,40960,40960,40960,40960,40960,40960,40960,40960,40960,40960,40960,40960,40960,40960,40960,40960,40960,40960,40960,40960,40960,40960,40960,40960,40960,40960,40960,40960,40960,40960,40960,40960,40960,40960,40960,40960,40960,40960,40960,40960,40960,40960,40960,40960,40960,40960,40960
2024-01-04 10:30:15,40960,40960,40960,40960,40960,40960,233472,77824,208896,208896,208896,77824,208896,208896,229376,217088,217088,94208,208896,110592,618975232,94208,208896,94208,217088,126976,7110656,90112,229376,217088,208896,94208,208896,217088,217088,454656,77824,208896,,208896,208896,90112,208896,618897408,241664,217088,106496,245760,208896,7098368,208896,65536,208896,208896,200704,208896,106496,77824,208896,217088,2334720,77824,618979328,208896,106496,532480,229376,217088,217088,77824,217088,217088,77824,217088,40960,40960,40960,40960,40960,40960,40960,40960,40960,40960,40960,40960,40960,40960,40960,40960,40960,40960,40960,40960,40960,40960,40960,40960,40960,40960,40960,40960,40960,40960,40960,40960,40960,40960,40960,40960,40960,40960,40960,40960,40960,40960,40960,40960,40960,40960,40960,40960,40960,40960
2024-01-04 10:30:20,40960,40960,40960,40960,40960,40960,233472,77824,208896,208896,208896,77824,208896,208896,229376,217088,217088,94208,208896,110592,618975232,94208,208896,94208,217088,126976,7110656,90112,229376,217088,208896,94208,208896,217088,217088,454656,77824,208896,,208896,208896,90112,208896,618897408,241664,217088,106496,245760,208896,7098368,208896,65536,208896,208896,200704,208896,106496,77824,208896,217088,2334720,77824,618979328,208896,106496,532480,229376,217088,217088,77824,217088,217088,77824,217088,40960,40960,40960,40960,40960,40960,40960,40960,40960,40960,40960,40960,40960,40960,40960,40960,40960,40960,40960,40960,40960,40960,40960,40960,40960,40960,40960,40960,40960,40960,40960,40960,40960,40960,40960,40960,40960,40960,40960,40960,40960,40960,40960,40960,40960,40960,40960,40960,40960,40960
2024-01-04 10:30:25,40960,40960,40960,40960,40960,40960,233472,77824,208896,208896,208896,77824,208896,208896,229376,217088,217088,94208,208896,110592,618975232,94208,208896,94208,217088,126976,7110656,90112,229376,217088,208896,94208,208896,217088,217088,454656,77824,208896,,208896,208896,90112,208896,618897408,241664,217088,106496,245760,208896,7098368,208896,65536,208896,208896,200704,208896,106496,77824,208896,217088,2334720,77824,618979328,208896,106496,532480,229376,217088,217088,77824,217088,217088,77824,217088,40960,40960,40960,40960,40960,40960,40960,40960,40960,40960,40960,40960,40960,40960,40960,40960,40960,40960,40960,40960,40960,40960,40960,40960,40960,40960,40960,40960,40960,40960,40960,40960,40960,40960,40960,40960,40960,40960,40960,40960,40960,40960,40960,40960,40960,40960,40960,40960,40960,40960
2024-01-04 10:30:30,40960,40960,40960,40960,40960,40960,233472,77824,208896,208896,208896,77824,208896,208896,229376,217088,217088,94208,208896,110592,618975232,94208,208896,94208,217088,126976,7110656,90112,229376,217088,208896,94208,208896,217088,217088,454656,77824,208896,,208896,208896,90112,208896,618897408,241664,217088,106496,245760,208896,7098368,208896,65536,208896,208896,200704,208896,106496,77824,208896,217088,2334720,77824,618979328,208896,106496,532480,229376,217088,217088,77824,217088,217088,77824,217088,40960,40960,40960,40960,40960,40960,40960,40960,40960,40960,40960,40960,40960,40960,40960,40960,40960,40960,40960,40960,40960,40960,40960,40960,40960,40960,40960,40960,40960,40960,40960,40960,40960,40960,40960,40960,40960,40960,40960,40960,40960,40960,40960,40960,40960,40960,40960,40960,40960,40960
2024-01-04 10:30:35,40960,40960,40960,40960,40960,40960,233472,77824,208896,208896,208896,77824,208896,208896,229376,217088,217088,94208,208896,110592,618975232,94208,208896,94208,217088,126976,7110656,90112,229376,217088,208896,94208,208896,217088,217088,454656,77824,208896,,208896,208896,90112,208896,618897408,241664,217088,106496,245760,208896,7098368,208896,65536,208896,208896,200704,208896,106496,77824,208896,217088,2334720,77824,618979328,208896,106496,532480,229376,217088,217088,77824,217088,217088,77824,217088,40960,40960,40960,40960,40960,40960,40960,40960,40960,40960,40960,40960,40960,40960,40960,40960,40960,40960,40960,40960,40960,40960,40960,40960,40960,40960,40960,40960,40960,40960,40960,40960,40960,40960,40960,40960,40960,40960,40960,40960,40960,40960,40960,40960,40960,40960,40960,40960,40960,40960
2024-01-04 10:30:40,40960,40960,40960,40960,40960,40960,233472,77824,208896,208896,208896,77824,208896,208896,229376,217088,217088,94208,208896,110592,618975232,94208,208896,94208,217088,126976,7110656,90112,229376,217088,208896,94208,208896,217088,217088,454656,77824,208896,,208896,208896,90112,208896,618897408,241664,217088,106496,245760,208896,7098368,208896,65536,208896,208896,200704,208896,106496,77824,208896,217088,2334720,77824,618979328,208896,106496,532480,229376,217088,217088,77824,217088,217088,77824,217088,40960,40960,40960,40960,40960,40960,40960,40960,40960,40960,40960,40960,40960,40960,40960,40960,40960,40960,40960,40960,40960,40960,40960,40960,40960,40960,40960,40960,40960,40960,40960,40960,40960,40960,40960,40960,40960,40960,40960,40960,40960,40960,40960,40960,40960,40960,40960,40960,40960,40960
2024-01-04 10:30:45,40960,40960,40960,40960,40960,40960,233472,77824,208896,208896,208896,77824,208896,208896,229376,217088,217088,94208,208896,110592,618975232,94208,208896,94208,217088,126976,7110656,90112,229376,217088,208896,94208,208896,217088,217088,454656,77824,208896,,208896,208896,90112,208896,618897408,241664,217088,106496,245760,208896,7098368,208896,65536,208896,208896,200704,208896,106496,77824,208896,217088,2334720,77824,618979328,208896,106496,532480,229376,217088,217088,77824,217088,217088,77824,217088,40960,40960,40960,40960,40960,40960,40960,40960,40960,40960,40960,40960,40960,40960,40960,40960,40960,40960,40960,40960,40960,40960,40960,40960,40960,40960,40960,40960,40960,40960,40960,40960,40960,40960,40960,40960,40960,40960,40960,40960,40960,40960,40960,40960,40960,40960,40960,40960,40960,40960
2024-01-04 10:30:50,40960,40960,40960,40960,40960,40960,233472,77824,208896,208896,208896,77824,208896,208896,229376,217088,217088,94208,208896,110592,618975232,94208,208896,94208,217088,126976,7110656,90112,229376,217088,208896,94208,208896,217088,217088,454656,77824,208896,,208896,208896,90112,208896,618897408,241664,217088,106496,245760,208896,7098368,208896,65536,208896,208896,200704,208896,106496,77824,208896,217088,2334720,77824,618979328,208896,106496,532480,229376,217088,217088,77824,217088,217088,77824,217088,40960,40960,40960,40960,40960,40960,40960,40960,40960,40960,40960,40960,40960,40960,40960,40960,40960,40960,40960,40960,40960,40960,40960,40960,40960,40960,40960,40960,40960,40960,40960,40960,40960,40960,40960,40960,40960,40960,40960,40960,40960,40960,40960,40960,40960,40960,40960,40960,40960,40960
2024-01-04 10:30:55,40960,40960,40960,40960,40960,40960,233472,77824,208896,208896,208896,77824,208896,208896,229376,217088,217088,94208,208896,110592,618975232,94208,208896,94208,217088,126976,7110656,90112,229376,217088,208896,94208,208896,217088,217088,454656,77824,208896,,208896,208896,90112,208896,618897408,241664,217088,106496,245760,208896,7098368,208896,65536,208896,208896,200704,208896,106496,77824,208896,217088,2334720,77824,618979328,208896,106496,532480,229376,217088,217088,77824,217088,217088,77824,217088,40960,40960,40960,40960,40960,40960,40960,40960,40960,40960,40960,40960,40960,40960,40960,40960,40960,40960,40960,40960,40960,40960,40960,40960,40960,40960,40960,40960,40960,40960,40960,40960,40960,40960,40960,40960,40960,40960,40960,40960,40960,40960,40960,40960,40960,40960,40960,40960,40960,40960
2024-01-04 10:31:00,40960,40960,40960,40960,40960,40960,233472,77824,208896,208896,208896,77824,208896,208896,229376,217088,217088,94208,208896,110592,618975232,94208,208896,94208,217088,126976,7110656,90112,229376,217088,208896,94208,208896,217088,217088,454656,77824,208896,,208896,208896,90112,208896,618897408,241664,217088,106496,245760,208896,7098368,208896,65536,208896,208896,200704,208896,106496,77824,208896,217088,2334720,77824,618979328,208896,106496,532480,229376,217088,217088,77824,217088,217088,77824,217088,40960,40960,40960,40960,40960,40960,40960,40960,40960,40960,40960,40960,40960,40960,40960,40960,40960,40960,40960,40960,40960,40960,40960,40960,40960,40960,40960,40960,40960,40960,40960,40960,40960,40960,40960,40960,40960,40960,40960,40960,40960,40960,40960,40960,40960,40960,40960,40960,40960,40960
2024-01-04 10:31:05,40960,40960,40960,40960,40960,40960,233472,77824,208896,208896,208896,77824,208896,208896,229376,217088,217088,94208,208896,110592,618975232,94208,208896,94208,217088,126976,7110656,90112,229376,217088,208896,94208,208896,217088,217088,454656,77824,208896,,208896,208896,90112,208896,618897408,241664,217088,106496,245760,208896,7098368,208896,65536,208896,208896,200704,208896,106496,77824,208896,217088,2334720,77824,618979328,208896,106496,532480,229376,217088,217088,77824,217088,217088,77824,217088,40960,40960,40960,40960,40960,40960,40960,40960,40960,40960,40960,40960,40960,40960,40960,40960,40960,40960,40960,40960,40960,40960,40960,40960,40960,40960,40960,40960,40960,40960,40960,40960,40960,40960,40960,40960,40960,40960,40960,40960,40960,40960,40960,40960,40960,40960,40960,40960,40960,40960
2024-01-04 10:31:10,40960,40960,40960,40960,40960,40960,233472,77824,208896,208896,208896,77824,208896,208896,229376,217088,217088,94208,208896,110592,618975232,94208,208896,94208,217088,126976,7110656,90112,229376,217088,208896,94208,208896,217088,217088,454656,77824,208896,,208896,208896,90112,208896,618897408,241664,217088,106496,245760,208896,7098368,208896,65536,208896,208896,200704,208896,106496,77824,208896,217088,2334720,77824,618979328,208896,106496,532480,229376,217088,217088,77824,217088,217088,77824,217088,40960,40960,40960,40960,40960,40960,40960,40960,40960,40960,40960,40960,40960,40960,40960,40960,40960,40960,40960,40960,40960,40960,40960,40960,40960,40960,40960,40960,40960,40960,40960,40960,40960,40960,40960,40960,40960,40960,40960,40960,40960,40960,40960,40960,40960,40960,40960,40960,40960,40960
2024-01-04 10:31:15,40960,40960,40960,40960,40960,40960,233472,77824,208896,208896,208896,77824,208896,208896,229376,217088,217088,94208,208896,110592,618975232,94208,208896,94208,217088,126976,7110656,90112,229376,217088,208896,94208,208896,217088,217088,454656,77824,208896,,208896,208896,90112,208896,618897408,241664,217088,106496,245760,208896,7098368,208896,65536,208896,208896,200704,208896,106496,77824,208896,217088,2334720,77824,618979328,208896,106496,532480,229376,217088,217088,77824,217088,217088,77824,217088,40960,40960,40960,40960,40960,40960,40960,40960,40960,40960,40960,40960,40960,40960,40960,40960,40960,40960,40960,40960,40960,40960,40960,40960,40960,40960,40960,40960,40960,40960,40960,40960,40960,40960,40960,40960,40960,40960,40960,40960,40960,40960,40960,40960,40960,40960,40960,40960,40960,40960
2024-01-04 10:31:20,40960,40960,40960,40960,40960,40960,233472,77824,208896,208896,208896,77824,208896,208896,229376,217088,217088,94208,208896,110592,618975232,94208,208896,94208,217088,126976,7110656,90112,229376,217088,208896,94208,208896,217088,217088,454656,77824,208896,,208896,208896,90112,208896,618897408,241664,217088,106496,245760,208896,7098368,208896,,208896,208896,200704,208896,106496,77824,208896,217088,2334720,77824,618979328,208896,106496,532480,229376,217088,217088,77824,217088,217088,77824,217088,40960,40960,40960,40960,40960,40960,40960,40960,40960,40960,40960,40960,40960,40960,40960,40960,40960,40960,40960,40960,40960,40960,40960,40960,40960,40960,40960,40960,40960,40960,40960,40960,40960,40960,40960,40960,40960,40960,40960,40960,40960,40960,40960,40960,40960,40960,40960,40960,40960,40960
2024-01-04 10:31:25,40960,40960,40960,40960,40960,40960,233472,77824,208896,208896,208896,77824,208896,208896,229376,217088,217088,94208,208896,110592,618975232,94208,208896,94208,217088,126976,7110656,90112,229376,217088,208896,94208,208896,217088,217088,454656,77824,208896,,208896,208896,90112,208896,618897408,241664,217088,106496,245760,208896,7098368,208896,,208896,208896,200704,208896,106496,77824,208896,217088,2334720,77824,618979328,208896,106496,532480,229376,217088,217088,77824,217088,217088,77824,217088,40960,40960,40960,40960,40960,40960,40960,40960,40960,40960,40960,40960,40960,40960,40960,40960,40960,40960,40960,40960,40960,40960,40960,40960,40960,40960,40960,40960,40960,40960,40960,40960,40960,40960,40960,40960,40960,40960,40960,40960,40960,40960,40960,40960,40960,40960,40960,40960,40960,40960
2024-01-04 10:31:30,40960,40960,40960,40960,40960,40960,233472,77824,208896,208896,208896,77824,208896,208896,229376,217088,217088,94208,208896,110592,618975232,94208,208896,94208,217088,126976,7110656,90112,229376,217088,208896,94208,208896,217088,217088,454656,77824,208896,,208896,208896,90112,208896,618897408,241664,217088,106496,245760,208896,7098368,208896,,208896,208896,200704,208896,106496,77824,208896,217088,2334720,77824,618979328,208896,106496,532480,229376,217088,217088,77824,217088,217088,77824,217088,40960,40960,40960,40960,40960,40960,40960,40960,40960,40960,40960,40960,40960,40960,40960,40960,40960,40960,40960,40960,40960,40960,40960,40960,40960,40960,40960,40960,40960,40960,40960,40960,40960,40960,40960,40960,40960,40960,40960,40960,40960,40960,40960,40960,40960,40960,40960,40960,40960,40960
2024-01-04 10:31:35,40960,40960,40960,40960,40960,40960,233472,77824,208896,208896,208896,77824,208896,208896,229376,217088,217088,94208,208896,110592,618975232,94208,208896,94208,217088,126976,7110656,90112,229376,217088,208896,94208,208896,217088,217088,454656,77824,208896,,208896,208896,90112,208896,618897408,241664,217088,106496,245760,208896,7098368,208896,,208896,208896,200704,208896,106496,77824,208896,217088,2334720,77824,618979328,208896,106496,532480,229376,217088,217088,77824,217088,217088,77824,217088,40960,40960,40960,40960,40960,40960,40960,40960,40960,40960,40960,40960,40960,40960,40960,40960,40960,40960,40960,40960,40960,40960,40960,40960,40960,40960,40960,40960,40960,40960,40960,40960,40960,40960,40960,40960,40960,40960,40960,40960,40960,40960,40960,40960,40960,40960,40960,40960,40960,40960
2024-01-04 10:31:40,40960,40960,40960,40960,40960,40960,233472,77824,208896,208896,208896,77824,208896,208896,229376,217088,217088,94208,208896,110592,618975232,94208,208896,94208,217088,126976,7110656,90112,229376,217088,208896,94208,208896,217088,217088,454656,77824,208896,,208896,208896,90112,208896,618897408,241664,217088,106496,245760,208896,7098368,208896,,208896,208896,200704,208896,106496,77824,208896,217088,2334720,77824,618979328,208896,106496,532480,229376,217088,217088,77824,217088,217088,77824,217088,40960,40960,40960,40960,40960,40960,40960,40960,40960,40960,40960,40960,40960,40960,40960,40960,40960,40960,40960,40960,40960,40960,40960,40960,40960,40960,40960,40960,40960,40960,40960,40960,40960,40960,40960,40960,40960,40960,40960,40960,40960,40960,40960,40960,40960,40960,40960,40960,40960,40960
2024-01-04 10:31:45,40960,40960,40960,40960,40960,40960,233472,77824,208896,208896,208896,77824,208896,208896,229376,217088,217088,94208,208896,110592,618975232,94208,208896,94208,217088,126976,7110656,90112,229376,217088,208896,94208,208896,217088,217088,454656,77824,208896,,208896,208896,90112,208896,618897408,241664,217088,106496,245760,208896,7098368,208896,,208896,208896,200704,208896,106496,77824,208896,217088,2334720,77824,618979328,208896,106496,532480,229376,217088,217088,77824,217088,217088,77824,217088,40960,40960,40960,40960,40960,40960,40960,40960,40960,40960,40960,40960,40960,40960,40960,40960,40960,40960,40960,40960,40960,40960,40960,40960,40960,40960,40960,40960,40960,40960,40960,40960,40960,40960,40960,40960,40960,40960,40960,40960,40960,40960,40960,40960,40960,40960,40960,40960,40960,40960
2024-01-04 10:31:50,40960,40960,40960,40960,40960,40960,233472,77824,208896,208896,208896,77824,208896,208896,229376,217088,217088,94208,208896,110592,618975232,94208,208896,94208,217088,126976,7110656,90112,229376,217088,208896,94208,208896,217088,217088,454656,77824,208896,,208896,208896,90112,208896,618897408,241664,217088,106496,245760,208896,7098368,208896,,208896,208896,200704,208896,106496,77824,208896,217088,2334720,77824,618979328,208896,106496,532480,229376,217088,217088,77824,217088,217088,77824,217088,40960,40960,40960,40960,40960,40960,40960,40960,40960,40960,40960,40960,40960,40960,40960,40960,40960,40960,40960,40960,40960,40960,40960,40960,40960,40960,40960,40960,40960,40960,40960,40960,40960,40960,40960,40960,40960,40960,40960,40960,40960,40960,40960,40960,40960,40960,40960,40960,40960,40960
2024-01-04 10:31:55,40960,40960,40960,40960,40960,40960,233472,77824,208896,208896,208896,77824,208896,208896,229376,217088,217088,94208,208896,110592,618975232,94208,208896,94208,217088,126976,7110656,90112,229376,217088,208896,94208,208896,217088,217088,454656,77824,208896,,208896,208896,90112,208896,618897408,241664,217088,106496,245760,208896,7098368,208896,,208896,208896,200704,208896,106496,77824,208896,217088,2334720,77824,618979328,208896,106496,532480,229376,217088,217088,77824,217088,217088,77824,217088,40960,40960,40960,40960,40960,40960,40960,40960,40960,40960,40960,40960,40960,40960,40960,40960,40960,40960,40960,40960,40960,40960,40960,40960,40960,40960,40960,40960,40960,40960,40960,40960,40960,40960,40960,40960,40960,40960,40960,40960,40960,40960,40960,40960,40960,40960,40960,40960,40960,40960
2024-01-04 10:32:00,40960,40960,40960,40960,40960,40960,233472,77824,208896,208896,208896,77824,208896,208896,229376,217088,217088,94208,208896,110592,618975232,94208,208896,94208,217088,126976,7110656,90112,229376,217088,208896,94208,208896,217088,217088,454656,77824,208896,,208896,208896,90112,208896,618897408,241664,217088,106496,245760,208896,7098368,208896,,208896,208896,200704,208896,106496,77824,208896,217088,2334720,77824,618979328,208896,106496,532480,229376,217088,217088,77824,217088,217088,77824,217088,40960,40960,40960,40960,40960,40960,40960,40960,40960,40960,40960,40960,40960,40960,40960,40960,40960,40960,40960,40960,40960,40960,40960,40960,40960,40960,40960,40960,40960,40960,40960,40960,40960,40960,40960,40960,40960,40960,40960,40960,40960,40960,40960,40960,40960,40960,40960,40960,40960,40960
2024-01-04 10:32:05,40960,40960,40960,40960,40960,40960,233472,77824,208896,208896,208896,77824,208896,208896,229376,217088,217088,94208,208896,110592,618975232,94208,208896,94208,217088,126976,7110656,90112,229376,217088,208896,94208,208896,217088,217088,454656,77824,208896,,208896,208896,90112,208896,618897408,241664,217088,106496,245760,208896,7098368,208896,,208896,208896,200704,208896,106496,77824,208896,217088,2334720,77824,618979328,208896,106496,532480,229376,217088,217088,77824,217088,217088,77824,217088,40960,40960,40960,40960,40960,40960,40960,40960,40960,40960,40960,40960,40960,40960,40960,40960,40960,40960,40960,40960,40960,40960,40960,40960,40960,40960,40960,40960,40960,40960,40960,40960,40960,40960,40960,40960,40960,40960,40960,40960,40960,40960,40960,40960,40960,40960,40960,40960,40960,40960
2024-01-04 10:32:10,40960,40960,40960,40960,40960,40960,233472,77824,208896,208896,208896,77824,208896,208896,229376,217088,217088,94208,208896,110592,618975232,94208,208896,94208,217088,126976,7110656,90112,229376,217088,208896,94208,208896,217088,217088,454656,77824,208896,,208896,208896,90112,208896,618897408,241664,217088,106496,245760,208896,7098368,208896,,208896,208896,200704,208896,106496,77824,208896,217088,2334720,77824,618979328,208896,106496,532480,229376,217088,217088,77824,217088,217088,77824,217088,40960,40960,40960,40960,40960,40960,40960,40960,40960,40960,40960,40960,40960,40960,40960,40960,40960,40960,40960,40960,40960,40960,40960,40960,40960,40960,40960,40960,40960,40960,40960,40960,40960,40960,40960,40960,40960,40960,40960,40960,40960,40960,40960,40960,40960,40960,40960,40960,40960,40960
2024-01-04 10:32:15,40960,40960,40960,40960,40960,40960,233472,77824,208896,208896,208896,77824,208896,208896,229376,217088,217088,94208,208896,110592,618975232,94208,208896,94208,217088,126976,7110656,90112,229376,217088,208896,94208,208896,217088,217088,454656,77824,208896,,208896,208896,90112,208896,618897408,241664,217088,106496,245760,208896,7098368,208896,,208896,208896,200704,208896,106496,77824,208896,217088,2334720,77824,618979328,208896,106496,532480,229376,217088,217088,77824,217088,217088,77824,217088,40960,40960,40960,40960,40960,40960,40960,40960,40960,40960,40960,40960,40960,40960,40960,40960,40960,40960,40960,40960,40960,40960,40960,40960,40960,40960,40960,40960,40960,40960,40960,40960,40960,40960,40960,40960,40960,40960,40960,40960,40960,40960,40960,40960,40960,40960,40960,40960,40960,40960
2024-01-04 10:32:20,40960,40960,40960,40960,40960,40960,233472,77824,208896,208896,208896,77824,208896,208896,229376,217088,217088,94208,208896,110592,618975232,94208,208896,94208,217088,126976,7110656,90112,229376,217088,208896,94208,208896,217088,217088,454656,77824,208896,,208896,208896,90112,208896,618897408,241664,217088,106496,245760,208896,7098368,208896,,208896,208896,200704,208896,106496,77824,208896,217088,2334720,77824,618979328,208896,106496,532480,229376,217088,217088,77824,217088,217088,77824,217088,40960,40960,40960,40960,40960,40960,40960,40960,40960,40960,40960,40960,40960,40960,40960,40960,40960,40960,40960,40960,40960,40960,40960,40960,40960,40960,40960,40960,40960,40960,40960,40960,40960,40960,40960,40960,40960,40960,40960,40960,40960,40960,40960,40960,40960,40960,40960,40960,40960,40960
2024-01-04 10:32:25,40960,40960,40960,40960,40960,40960,233472,77824,208896,208896,208896,77824,208896,208896,229376,217088,217088,94208,208896,110592,618975232,94208,208896,94208,217088,126976,7110656,90112,229376,217088,208896,94208,208896,217088,217088,454656,77824,208896,,208896,208896,90112,208896,618897408,241664,217088,106496,245760,208896,7098368,208896,,208896,208896,200704,208896,106496,77824,208896,217088,2334720,77824,618979328,208896,106496,532480,229376,217088,217088,77824,217088,217088,77824,217088,40960,40960,40960,40960,40960,40960,40960,40960,40960,40960,40960,40960,40960,40960,40960,40960,40960,40960,40960,40960,40960,40960,40960,40960,40960,40960,40960,40960,40960,40960,40960,40960,40960,40960,40960,40960,40960,40960,40960,40960,40960,40960,40960,40960,40960,40960,40960,40960,40960,40960
2024-01-04 10:32:30,40960,40960,40960,40960,40960,40960,233472,77824,208896,208896,208896,77824,208896,208896,229376,217088,217088,94208,208896,110592,618975232,94208,208896,94208,217088,126976,7110656,90112,229376,217088,208896,94208,208896,217088,217088,454656,77824,208896,,208896,208896,90112,208896,618897408,241664,217088,106496,245760,208896,7098368,208896,,208896,208896,200704,208896,106496,77824,208896,217088,2334720,77824,618979328,208896,106496,532480,229376,217088,217088,77824,217088,217088,77824,217088,40960,40960,40960,40960,40960,40960,40960,40960,40960,40960,40960,40960,40960,40960,40960,40960,40960,40960,40960,40960,40960,40960,40960,40960,40960,40960,40960,40960,40960,40960,40960,40960,40960,40960,40960,40960,40960,40960,40960,40960,40960,40960,40960,40960,40960,40960,40960,40960,40960,40960
2024-01-04 10:32:35,40960,40960,40960,40960,40960,40960,233472,77824,208896,208896,208896,77824,208896,208896,229376,217088,217088,94208,208896,110592,618975232,94208,208896,94208,217088,126976,7110656,90112,229376,217088,208896,94208,208896,217088,217088,454656,77824,208896,,208896,208896,90112,208896,618897408,241664,217088,106496,245760,208896,7098368,208896,,208896,208896,200704,208896,106496,77824,208896,217088,2334720,77824,618979328,208896,106496,532480,229376,217088,217088,77824,217088,217088,77824,217088,40960,40960,40960,40960,40960,40960,40960,40960,40960,40960,40960,40960,40960,40960,40960,40960,40960,40960,40960,40960,40960,40960,40960,40960,40960,40960,40960,40960,40960,40960,40960,40960,40960,40960,40960,40960,40960,40960,40960,40960,40960,40960,40960,40960,40960,40960,40960,40960,40960,40960
2024-01-04 10:32:40,40960,40960,40960,40960,40960,40960,233472,77824,208896,208896,208896,77824,208896,208896,229376,217088,217088,94208,208896,110592,618975232,94208,208896,94208,217088,126976,7110656,90112,229376,217088,208896,94208,208896,217088,217088,454656,77824,208896,,208896,208896,90112,208896,618897408,241664,217088,106496,245760,208896,7098368,208896,,208896,208896,200704,208896,106496,77824,208896,217088,2334720,77824,618979328,208896,106496,532480,229376,217088,217088,77824,217088,217088,77824,217088,40960,40960,40960,40960,40960,40960,40960,40960,40960,40960,40960,40960,40960,40960,40960,40960,40960,40960,40960,40960,40960,40960,40960,40960,40960,40960,40960,40960,40960,40960,40960,40960,40960,40960,40960,40960,40960,40960,40960,40960,40960,40960,40960,40960,40960,40960,40960,40960,40960,40960
2024-01-04 10:32:45,40960,40960,40960,40960,40960,40960,233472,77824,208896,208896,208896,77824,208896,208896,229376,217088,217088,94208,208896,110592,618975232,94208,208896,94208,217088,126976,7110656,90112,229376,217088,208896,94208,208896,217088,217088,454656,77824,208896,,208896,208896,90112,208896,618897408,241664,217088,106496,245760,208896,7098368,208896,,208896,208896,200704,208896,106496,77824,208896,217088,2334720,77824,618979328,208896,106496,532480,229376,217088,217088,77824,217088,217088,77824,217088,40960,40960,40960,40960,40960,40960,40960,40960,40960,40960,40960,40960,40960,40960,40960,40960,40960,40960,40960,40960,40960,40960,40960,40960,40960,40960,40960,40960,40960,40960,40960,40960,40960,40960,40960,40960,40960,40960,40960,40960,40960,40960,40960,40960,40960,40960,40960,40960,40960,40960
2024-01-04 10:32:50,40960,40960,40960,40960,40960,40960,233472,77824,208896,208896,208896,77824,208896,208896,229376,217088,217088,94208,208896,110592,618975232,94208,208896,94208,217088,126976,7110656,90112,229376,217088,208896,94208,208896,217088,217088,454656,77824,208896,,208896,208896,90112,208896,618897408,241664,217088,106496,245760,208896,7098368,208896,,208896,208896,200704,208896,106496,77824,208896,217088,2334720,77824,618979328,208896,106496,532480,229376,217088,217088,77824,217088,217088,77824,217088,40960,40960,40960,40960,40960,40960,40960,40960,40960,40960,40960,40960,40960,40960,40960,40960,40960,40960,40960,40960,40960,40960,40960,40960,40960,40960,40960,40960,40960,40960,40960,40960,40960,40960,40960,40960,40960,40960,40960,40960,40960,40960,40960,40960,40960,40960,40960,40960,40960,40960
2024-01-04 10:32:55,40960,40960,40960,40960,40960,40960,233472,77824,208896,208896,208896,77824,208896,208896,229376,217088,217088,94208,208896,110592,618975232,94208,208896,94208,217088,126976,7110656,90112,229376,217088,208896,94208,208896,217088,217088,454656,77824,208896,,208896,208896,90112,208896,618897408,241664,217088,106496,245760,208896,7098368,208896,,208896,208896,200704,208896,106496,77824,208896,217088,2334720,77824,618979328,208896,106496,532480,229376,217088,217088,77824,217088,217088,77824,217088,40960,40960,40960,40960,40960,40960,40960,40960,40960,40960,40960,40960,40960,40960,40960,40960,40960,40960,40960,40960,40960,40960,40960,40960,40960,40960,40960,40960,40960,40960,40960,40960,40960,40960,40960,40960,40960,40960,40960,40960,40960,40960,40960,40960,40960,40960,40960,40960,40960,40960
2024-01-04 10:33:00,40960,40960,40960,40960,40960,40960,233472,77824,208896,208896,208896,77824,208896,208896,229376,217088,217088,94208,208896,110592,618975232,94208,208896,94208,217088,126976,7110656,90112,229376,217088,208896,94208,208896,217088,217088,454656,77824,208896,,208896,208896,90112,208896,618897408,241664,217088,106496,245760,208896,7098368,208896,,208896,208896,200704,208896,106496,77824,208896,217088,2334720,77824,618979328,208896,106496,532480,229376,217088,,77824,217088,217088,77824,217088,40960,40960,40960,40960,40960,40960,40960,40960,40960,40960,40960,40960,40960,40960,40960,40960,40960,40960,40960,40960,40960,40960,40960,40960,40960,40960,40960,40960,40960,40960,40960,40960,40960,40960,40960,40960,40960,40960,40960,40960,40960,40960,40960,40960,40960,40960,40960,40960,40960,40960

